時代,問題,答え
旧石器時代,今から約700万年前から600万年前にアフリカにあらわれた最も古い人類を漢字２字で何というか。,猿人 (えんじん)
旧石器時代,250万年ほど前から1万年ほど前まで続いた地球全体が寒冷化した時期を何というか。,氷河時代
旧石器時代,今から約200万年前にあらわれた人類を何というか。,原人（げんじん）
旧石器時代,約20万年前にあらわれた，現在の人類の直接の祖先を何というか。,新人(ホモ・サピエンス)
旧石器時代,打製石器を使い狩猟と採集で生活していた時代を何というか。,旧石器時代
旧石器時代,食料の調理や保存のために使われた道具を何というか。,土器(どき)
旧石器時代,石の表面をみがいてつくられ木を切ったり加工したりするために使った道具を何というか。,磨製石器 (ませい)
旧石器時代,土器や磨製石器が使われ，農耕や牧畜（ぼくちく）が始まった時代を何というか。,新石器時代(しんせっきじだい)
旧石器時代,文明のおこりとともに（　）や鉄器などの金属器が祭りや戦いの道具として使われるようになった。,青銅器 (せいどうき)
旧石器時代,紀元前3000年ごろに，ナイル川の流域で栄えた文明を何というか,エジプト文明
旧石器時代,エジプト文明で国王が築かせた石造りの巨大な四角すいの建造物を何というか,ピラミッド
旧石器時代,エジプト文明でつくられた１年を365日とする暦を何というか。,太陽暦(たいようれき)
旧石器時代,エジプト文明で使用された文字を何というか。,象形文字(ヒエログリフ)
旧石器時代,紀元前3000年ごろにチグリス川とユーフラテス川にはさまれた地域で栄えた文明を何というか,メソポタミア文明
旧石器時代,メソポタミア文明で発達し，粘土板に刻まれた文字を何というか。,くさび形文字
旧石器時代,現在の中東や中近東をさしている「太陽がのぼる土地」を意味する言葉を何というか。,オリエント
旧石器時代,紀元前2500年ごろにインダス川流域でおこった文明を何というか,インダス文明
旧石器時代,紀元前1500年ごろ，中央アジアからインダス川流域に達文して先住民を征服した人々を何というか。,アーリア人
旧石器時代,紀元前５世紀ごろにインドで開かれた，「心の迷いを捨て去ればこの世の苦しみからのがれる」とする宗教を何というか。,仏教
旧石器時代,仏教を開いた人物はだれか。,シャカ(釈迦)
旧石器時代,バレスチナのユダヤ人の中からあらわれて.「神を信じる者は救われる」と説き，救世主(キリスト）と呼ばれた人物はだれか。,イエス
旧石器時代,イエスの教えをもとに成立した宗教を何というか。,キリスト教
旧石器時代,７世紀はじめにアラビア半島で成立したアラーの前ではすべての人は平等であるとした宗教を何というか。,イスラム教
旧石器時代,イスラム教の宗教を開いた人物はだれか。,ムハンマド
旧石器時代,ギリシャで発展した神殿と広場を中心とする都市国家を何というか。,ポリス
旧石器時代,地中海地域を支配した帝国を何というか。,ローマ帝国
旧石器時代,紀元前16世紀ごろに黄河（こうが）流域でつくられた国を何というか。,殷 (いん)
旧石器時代,殷（いん）の国で使われた，亀の甲や牛の骨に刻まれた文字を何というか。 ,甲骨文字 (こうこつもじ)
旧石器時代,儒学の教えを説いたのはだれか。,孔子
旧石器時代,紀元前221年に中国を統一した国を何というか。,秦 (しん)
旧石器時代,はじめて「皇帝」を名乗った秦の国の王はだれか。,始皇帝 (しこうてい)
旧石器時代,始皇帝が北方の異民族の侵入を防ぐ目的で築いたものを何というか。,万里の長城
旧石器時代,秦の後に中国を統一し広大な地域を支配した国を何というか。,漢(前漢) (かん(ぜんかん))
旧石器時代,漢の国と西方を結んだ交易路を何というか。,シルクロード(絹の道）
旧石器時代,シルクロードの交易路を通って，中国から西方にもたらされた代表的なものは何か。 ,絹(きぬ)
縄文・弥生・古墳時代,ナウマン象の「きば」やオツノジ力の角の化石などが見つかった，長野県にある湖を何というか。,野尻湖 (のじりこ)
縄文・弥生・古墳時代,打製石器が発見され日本に旧石器時代があったことを明らかにした群馬県の遺跡を何というか。,岩宿遺跡 (いわじゅくいせき)
縄文・弥生・古墳時代,縄文土器が使われていた時代を何というか。,縄文時代
縄文・弥生・古墳時代,縄文時代に，人々が食べ残した貝殻などを捨てたあとを何というか,貝塚 (かいづか)
縄文・弥生・古墳時代,縄文時代につくられるようになった住居で地面をほり下げ屋根をかけたものを何というか。,たて穴住居
縄文・弥生・古墳時代,弥生時代に使われた米を貯蔵する倉庫を何というか。,高床倉庫 (たかゆかそうこ)
縄文・弥生・古墳時代,稲作とともに伝わり，おもに武器や工具に利用された金属器は何か。,鉄器(てっき)
縄文・弥生・古墳時代,静岡県にある弥生時代の代表的な遺跡を何というか。,登呂遺跡 (とろいせき)
縄文・弥生・古墳時代,倭（わ）の奴国（なのくに）の王が使いを送ったのは.中国の何という王朝か。,漢(後漢) (かん(ごかん))
縄文・弥生・古墳時代,「漢委奴国王（かんのわのなのこくおう）」と刻まれた金印が江戸時代に発見されたのは現在の何県か。,福岡県
縄文・弥生・古墳時代,３世紀ごろ30余りの小国を従えていた国を何というか。,邪馬台国 (やまたいこく)
縄文・弥生・古墳時代,邪馬台国をおさめていた女王はだれか。,卑弥呼 (ひみこ)
縄文・弥生・古墳時代,卑弥呼が使いを送ったのは中国の何という王朝か。,魏 (ぎ)
縄文・弥生・古墳時代,邪馬台国についての記述がある中国の歴史書を何というか。,魏志倭人伝 (ぎしわじんでん)
縄文・弥生・古墳時代,近畿地方の有力な豪族が連合してつくった政権を何というか。,大和政権 (やまとせいけん)
縄文・弥生・古墳時代,３世紀の後半からつくられた巨大な墓を何というか。,古墳
縄文・弥生・古墳時代,大阪府堺市にある世界最大級の古墳を何というか。,大仙（だいせん）古墳
縄文・弥生・古墳時代,古墳のうち円形と方形を組み合わせた形をしているものを何というか。,前方後円墳(ぜんぽうこうえんふん)
縄文・弥生・古墳時代,古墳の頂上やまわりに並べられた素焼きの土製品を何というか。,はにわ
縄文・弥生・古墳時代,３世紀中ごろから6世紀末ごろにかけての古墳がさかんにつくられた時代を何というか。,古墳時代
縄文・弥生・古墳時代,４世紀ごろ朝鮮半島の南部で小国を統一して成立した国は百済ともう1つはどこか。,新羅 (しらぎ)
縄文・弥生・古墳時代,小国が分立していた朝鮮半島南端の地域を何というか。,伽耶(任那) (かや(みまな))
縄文・弥生・古墳時代,大和政権が百済（くだら）などと結んで高句麗（こうくり）と戦ったことが記されている碑（ひ）を何というか。,好太王(こうたいおう）碑
縄文・弥生・古墳時代,5世紀には，大和政権は九州地方から（　　）地方南部までの地域を支配するようになった。(　 )にあてはまる地方名を書け。,東北(とうほく)
縄文・弥生・古墳時代,5世紀ごろ大和政権の王は，何と呼ばれるようになったか。,大王（おおきみ）
縄文・弥生・古墳時代,5世紀半ばに中国の南部をおさめ倭（わ）の五王（ごおう）が使いを送った南朝の王朝を何というか,宋 (そう)
縄文・弥生・古墳時代,渡来人（とらいじん）の人々が伝えた，高温で焼かれたかたい土器を何というか。,須恵器 (すえき)
縄文・弥生・古墳時代,渡来人の人々が伝えた平仮名や片仮名のもとになった文字を何というか。,漢字
縄文・弥生・古墳時代,石を打ち欠いてつくった、するどい刃をもつ石器を何というか。,打製石器
縄文・弥生・古墳時代,農耕や牧畜が発連し、食料が豊かになると争いが増えた。このようななかで強い集団が弱い集団を従えてできたものを何というか。,国
縄文・弥生・古墳時代,春秋戦国時代の中国で孔子が説いた教えをもとにしておこった、新しい思想を何というか。,儒学（儒教）
縄文・弥生・古墳時代,秦がほろんだのちに中国を統一し、紀元前2世紀には、朝鮮半島に楽浪郡を設けて、中央アジアまで支配した国を何というか。,漢
縄文・弥生・古墳時代,1万2000年ほど前から日本でつくられるようになった、表面に縄目のような文様のついた土器を何というか。,縄文土器
縄文・弥生・古墳時代,縄文時代の人々が，魔除けや食物の豊かさをいのるためにつくったと考えられる人形を何というか。,土偶
縄文・弥生・古墳時代,青森県で発掘された、最大で500人が住んでいたといわれる縄文時代の代表的な遺跡を何というか。,三内丸山遺跡(さんないまるやまいせき)
縄文・弥生・古墳時代,稲作とともに伝えられた青銅器や鉄器をまとめて何というか。,金属器
縄文・弥生・古墳時代,弥生時代につくられるようになった、赤褐色をした、薄手でかための土器を何というか。,弥生土器(やよいどき)
縄文・弥生・古墳時代,佐賀県で、物見やぐらをそなえた弥生時代の大集落のあとが発掘された。この遺跡を何というか。,吉野ヶ里遺跡(よしのがりいせき)
縄文・弥生・古墳時代,紀元前後のころ、倭（日本）には100余りの国があり、楽浪郡を通じて漢に使いを送る国もあったと記されている中国の歴史書を何というか。,漢書(かんじょ)
縄文・弥生・古墳時代,1世紀の半ばに，倭の奴国の王が後漢に使いを送り皇帝から授けられた「漢委奴国王」と刻まれているものは何か。,金印(きんいん)
縄文・弥生・古墳時代,3世紀ごろの中国では後漢がほろび、魏、蜀、呉に分かれて争っていた。この時代を何というか。,三国時代(さんごくじだい)
縄文・弥生・古墳時代,卑弥呼が魏の皇帝から金印とともに授けられたとされる称号を何というか,親魏倭王(しんぎわおう)
縄文・弥生・古墳時代,邪馬台国のあった場所については、二つの説に分かれている。近畿（大和、奈良県）説ともう一つはどこ説か。,九州説
縄文・弥生・古墳時代,はにわのなかで、鉄でできたかぶととよろいを着け、刀を持った完全武装の姿のものを何というか,武人はにわ(ぶじんはにわ)
縄文・弥生・古墳時代,稲作に関係の深い自然の神々で、水を支配するとされ、当時の人々に信仰されていた神を何というか。,へびの神
縄文・弥生・古墳時代,国のおこりや王たちのこと、死後の世界についての考え方がのちにまとめられたものを何というか,神話
縄文・弥生・古墳時代,5世紀ごろの中国で、南と北に分かれて、国々の対立が統いていた時代を何というか。,南北朝時代
縄文・弥生・古墳時代,紀元前後におこった国で、朝鮮半島の北部で勢力をのばした国を何というか。,高句麗(コウクリ)
縄文・弥生・古墳時代,5世紀に、倭の五王がたびたび使いを送ったのは、当時の中国の北朝、南朝のうちどちらか。,南朝(なんちょう)
縄文・弥生・古墳時代,朝鮮半島から日本列島に、一族でまとまって移り住んだ人々を何というか,渡来人(トライジン)
縄文・弥生・古墳時代,渡来人の人々は財政や政治の面でも活躍したが，そのなかで、何の記録をとっていたか,朝廷
飛鳥時代,6世紀末に南北朝を統一して中国を支配した王朝を何というか。,隋 (ずい)
飛鳥時代,推古天皇を助け，蘇我氏とともに政治を行った人物はだれか。,聖徳太子(しょうとくたいし)
飛鳥時代,聖徳太子が定めた家柄にとらわれず才能のある人物を採用する制度を何というか。,冠位十二階
飛鳥時代,聖徳太子が制定した，朝廷の役人の心構えを示したきまりを何というか。,十七条の憲法(じゅうしちじょうのけんぽう)
飛鳥時代,進んだ中国の制度や文化を取り入れるために聖徳太子が派遣した使節を何というか,遣隋使 (けんずいし)
飛鳥時代,遣隋使として中国に派遣された代表的な人物はだれか。,小野妹子(おののいもこ)
飛鳥時代,6世紀の半ばに日本に伝わった宗教は何か。 ,仏教
飛鳥時代,飛鳥地方を中心に栄えた，仏教をもとにした文化を何というか。,飛鳥文化(あすかぶんか)
飛鳥時代,飛鳥文化の代表的なもので，聖徳太子が建てたとされる世界最古の木造建築物を何というか。,法隆寺(ほうりゅうじ)
飛鳥時代,7世紀はじめに隋（ずい）がほろんだあと中国を統一した王朝を何というか。,唐(とう)
飛鳥時代,中大兄皇子（なかのおうえのおうじ）らが蘇我氏をたおして始めた，一連の政治改革を何というか。,大化の改新
飛鳥時代,中大兄皇子らが蘇我（そが）氏をたおして大化の改新の改革を始めたのは何年のことか。,645年
飛鳥時代,中大兄皇子とともに大化の改新を進め、後に藤原の姓をあたえられた人物はだれか。,中臣鎌足 (なかとみのかまたり)
飛鳥時代,大化の改新の改革で打ち出された全国の土地と人民を国のものとする制度を何というか。,公地・公民(こうち・こうみん)
飛鳥時代,日本はほろぼされた百済（くだら）復興のために朝鮮半島に兵を送ったが新羅（しらぎ）と唐の連合軍に敗れた。この戦いを何というか。,白村江の戦い (はくそんこう)
飛鳥時代,天智天皇の死後に起きた，あとつぎをめぐる争いを何というか。,壬申の乱 (じんしんのらん)
飛鳥時代,大化の改新に勝利し中央集権国家をめざした天皇はだれか,天武天皇 (てんむてんのう)
奈良時代,唐の法律にならい７０１年につくられたきまりを何というか。,大宝律令 (たいほうりつりょう)
奈良時代,天皇から高い位をあたえられた一族を何というか。,貴族
奈良時代,710年に奈良盆地北部につくられた都を何というか。,平城京(へいじょうきょう)
奈良時代,平城京に都が置かれてから京都に都を移すまでの時代を何というか。,奈良時代
奈良時代,律令制のもと地方の国の政治を行った役人を何というか。,国司 (こくし)
奈良時代,国司のもとで郡の政治を行った役人を何というか,郡司 (ぐんじ)
奈良時代,九州地方をまとめたり唐や新羅との外交や防衛のために，現在の福岡県に置かれた役所を何というか。,大宰府 (だざいふ)
奈良時代,6歳以上の男女に農地を割り当て，死ねば返させるという土地制度を何というか。,班田収授法 (はんでんしゅうじゅのほう)
奈良時代,班田収授法（はんでんしゅうじゅのほう）で割り当てられた農地のことを何というか。,口分田 (くぶんでん)
奈良時代,成人男子に課せられた兵役の負担のうち，九州北部の防衛にあたった者を何というか。,防人 (さきもり)
奈良時代,743年に定められた，新しく開墾した土地は永久に私有してよいとする法令を何というか。,墾田永年私財法 (こんでんえいねんしざいほう)
奈良時代,墾田（こんでん）永年私財法の制定によって広がった貴族や寺社の私有地はのちに何と呼ばれるようになったか。,荘園 (しょうえん)
奈良時代,聖武天皇が仏教によって国家を守るために都に建てた，大仏をまつる寺院を何というか。,東大寺(とうだいじ)
奈良時代,日本に正しい仏教を伝えるために唐から来日し唐招提寺（とうしょうだいじ）を建てた人物はだれか。,鑑真 (がんじん)
奈良時代,民衆に布教しながら人々とともに橋などをつくった僧はだれか。,行基 (ぎょうき)
奈良時代,8世紀に書かれた国のおこりや天皇などについて書かれた歴史書は「日本書紀」ともう１つは何か？,古事記 (こじき)
奈良時代,全国の国ごとの自然・産物・地理や伝説などをまとめた地理書を何というか,風土記（ふどき）
平安時代,794年に京都につくられた都を何というか。,平安京
平安時代,平安京がつくられてから鎌倉幕府の成立までを何時代というか。,平安時代
平安時代,東北地方の支配のために坂上田村麻呂（さかのうえのたむらまろ）が任命された役職を何というか。,征夷大将軍 (せいいたいしょうぐん)
平安時代,比叡山ひえいざん（滋賀県・京都府）に延暦寺（えんりゃくじ）を建て天台宗を広めたのはだれか。,最澄 (さいちょう)
平安時代,高野山こうやさん(和歌山県）に金剛峯寺（こんごうぶじ）を建て真言宗を広めたのはだれか。,空海 (くうかい)
平安時代,唐がほろんだあと，10世紀後半に中国を統一した国を何というか,宋(北宋) (そう(ほくそう))
平安時代,天皇が幼いときには摂政（せっしょう）、成長してからは関白（かんぱく）として天皇に代わって行う政治を何というか。,摂関政治 (せっかんせいじ)
平安時代,摂関政治（せっかんせいじ）を行い平安時代に力をのばした一族を何というか。,藤原氏(ふじわらし)
平安時代,藤原氏が最も栄えたときの人物で，1016年に摂政となったのはだれか。,藤原道長 (ふじわらのみちなが)
平安時代,平安時代の半ばに生まれた，日本の風土やくらしに合った洗練された文化を何というか。,国風文化
平安時代,国風文化のなかで生まれた日本語の発音をあらわせるようにくふうした文字を何というか。,仮名文字
平安時代,仮名文字を使い，紫式部によって書かれた物語を何というか。,源氏物語
平安時代,仮名文字を使い清少納言によって書かれた随筆を何というか。,枕草子 (まくらのそうし)
平安時代,10世紀はじめに紀貫之（きのつらゆき）らが編集した和歌集を何というか。,古今和歌集（こきんわかしゅう）
平安時代,念仏を唱え阿弥陀如来（あみだにょらい）にすがって極楽浄土に生まれ変わることを願う信仰を何というか。,浄土信仰(じょうどしんこう)
平安時代,藤原頼通（よりみち）が宇治（うじ）に建てた阿弥陀（あみだ）堂を何というか。,平等院鳳凰堂 (びょうどういんほうおうどう)
平安時代,聖徳太子は、推古天皇のもとで、天皇が女性や幼少の場合に天皇の代理として政治を行う役職について政治を行った。この役職を何というか。,摂政(せっしょう)
平安時代,聖徳太子が、大王（天皇）を中心とする政治制度を整えようとしたとき協力した人物はだれか。,蘇我馬子(そがのうまこ)
平安時代,中臣鎌足（のちの藤原鎌足）とともに大化の改新を始め、のちに即位して天智天皇になった人物はだれか。,中大兄皇子(なかのおおえのおうじ)
平安時代,大化の改新で、中臣鎌足らにたおされた豪族の親子の名を何というか。,蘇我蝦夷・入鹿(そがのえみし・いるか)
平安時代,663年の白村江の戦いのとき、日本が朝鮮半島に出兵したのは，何という国を助けるためか。,百済(クダラ)
平安時代,唐と組んで高句麗や百済の国をほろぼし、676年に朝鮮半島を統一した国を何というか。,新羅(しらぎ)
平安時代,天智天皇が、政治の改革を進めるなかで、はじめて全国でつくったものは何か。,戸籍(こせき)
平安時代,天武天皇の没後に皇后である人物が天皇に即位した。その天皇の名前は何か。,持統天皇(ジトウテンノウ)
平安時代,持統天皇は，道路によってごばんの目のように区画された都をつくった。その都を何というか。,藤原京(フジワラキョウ)
平安時代,藤原京の都がつくられたころ定められた国号を何というか。,日本
平安時代,律令にもとづいて政治を行う国家を何というか。,律令国家(りつりょうこっか)
平安時代,律令による役所のしくみで、天皇の次に高く、下に8省が置かれたくらいを何というか。,太政官(だいじょうかん)
平安時代,律令制度下で、九州に置かれ、九州地方の政治のほかに外交や防衛にあたった役所を何というか。,太宰府(だざいふ)
平安時代,日本で最初につくられた銅銭を何というか。,富本銭(ふほんせん)
平安時代,農民に課せられた税のうち、収穫の約3%の稲をおさめる税を何というか,租(そ)
平安時代,聖武天皇の時代を中心に栄えた、仏教と唐の文化の影響を強く受けた、国際色豊かな文化を何というか。,天平文化(てんぴょうぶんか)
平安時代,聖武天皇が仏教の力で国の平和と安全を守るために国ごとにつくらせた寺は、国分寺ともう一つは何か。,国分尼寺(コクブンニジ)
平安時代,聖武天皇の遺品などをおさめた東大寺にある宝庫を何というか。,正倉院(しょうそういん)
平安時代,浄土信仰にもとづいて建てられた平等院鳳凰堂などの建物を何というか。,阿弥陀堂(あみだどう)
平安時代,最澄が比叡山（滋賀県・京都府）に建てた寺を何というか。,延暦寺(えんりゃくじ)
平安時代,奈良時代の後半に，貴族や僧の間で勢力争いが激しくなり、新しい都で政治を立て直そうと考え、都を移した天皇はだれか。,桓武天皇(カンムテンノウ)
平安時代,空海が高野山（和歌山県）に建てた寺を何というか。,金剛峯寺(こんごうぶじ)
平安時代,7世紀以降くり返し派遣され、894年に停止された中国への使いを何というか。,遣唐使(ケントウシ)
平安時代,新羅がほろんだあとに朝鮮半島にできた国を何というか。,高麗(こうらい)
平安時代,「源氏物語」 をあらわした人物はだれか。,紫式部(むらさきしきぶ)
平安時代,遣唐使とともに唐にわたった空海が、806年に唐から伝えた仏教の新しい宗派を何というか。,真言宗(しんごんしゅう)
平安時代,唐のおとろえと往復の危険を理由に遣唐使の停止をうったえて、認められた人物はだれか。,菅原道真(すがわらのみちざね)
平安時代,随筆「枕草子」をあらわした人物はだれか。,清少納言(せいしょうなごん)
平安時代,「源氏物語絵巻」 のように，日本の自然や風俗をえがいた絵で、日本画のもととなった絵を何というか。,大和絵(やまとえ)
平安時代,遣唐使とともに唐にわたった最澄（さいちょう）が、805年に唐から伝えた仏教の新しい宗派を何というか。,天台宗(てんだいしゅう)
平安時代,8世紀前半につくられた、神話や伝承、記録などをもとにまとめた歴史睿は、「古事記」ともう一つは何か。,日本書紀(にほんしょき)
平安時代,天皇や貴族だけでなく、防人や農民の歌など約4500首をおさめた日本で最初の和歌集を何というか。,万葉集(まんようしゅう)
鎌倉時代,主従関係で結ばれた武士の集団を何というか。,武士団 (ぶしだん)
鎌倉時代,10世紀の中ごろ関東地方で反乱を起こした武士はだれか。,平将門 (たいらのまさかど)
鎌倉時代,天皇の子孫であり，力をのばした武士団は，源氏ともう一つは何か。,平氏 (へいし)
鎌倉時代,奈良時代から広がった貴族や寺社が私有する土地を何というか。,荘園 (しょうえん)
鎌倉時代,1068年に藤原氏との関係がうすい天皇が即位し，政治改革を行った。この天皇を何というか。,後三条天皇 (ごさんじょうてんのう)
鎌倉時代,天皇が位をゆずって上皇となったのちも実権をにぎって行った政治を何というか。,院政 (いんせい)
鎌倉時代,1086年に院政を始めた人物はだれか。,白河上皇 (しらかわじょうこう)
鎌倉時代,大寺院の僧は，武装して強訴を行った。このような武装した僧を何というか,僧兵 (そうへい)
鎌倉時代,上皇と天皇の対立から，1156年に起こった内乱を何というか。,保元の乱 (ほうげんのらん)
鎌倉時代,１１５９年に起こった平治の乱で源義朝に勝利した武士は誰か？,平清盛 (たいらのきよもり)
鎌倉時代,平清盛が台頭したころ，院政を行っていた人物はだれか。,後白河上皇 (ごしらかわじょうこう)
鎌倉時代,平清盛が就任した朝廷での最高の官位を何というか。,太政大臣 (だいじょうだいじん)
鎌倉時代,平清盛が貿易を進めるために改修した港は現在の何市にあるか。,神戸市（兵庫県）
鎌倉時代,鎌倉を本拠地として関東地方を支配し平氏をたおした人物はだれか。,源頼朝 (みなもとのよりとも)
鎌倉時代,源頼朝の弟で，1185年に平氏をほろぼした人物はだれか,源義経 (みなもとのよしつね)
鎌倉時代,源頼朝が対立した源義経をとらえるという理由で国ごとに置いた役職何というか,守護
鎌倉時代,源頼朝が征夷大将軍に任命されたのは何年か。,1192年
鎌倉時代,将軍が御家人の以前からの領地を保護したり新しい土地をあたえたりすることを何というか,御恩 (ごおん)
鎌倉時代,北条氏は何という地位について政治の実権をにぎったか。,執権 (しっけん)
鎌倉時代,後鳥羽上皇が幕府をたおそうとして1221年に起こした争いを何というか,承久の乱 (じょうきゅうのらん)
鎌倉時代,承久の乱のあと朝廷や西国の監視のために京都に置かれた役所を何というか。,六波羅探題 (ろくはらたんだい)
鎌倉時代,阿氏河荘（あてがわのしょう）の農民は莊圍領主にある者の横暴な行いをうったえた。莊園の管理などをするこの者の役職を何というか。,地頭 (じとう)
鎌倉時代,1232年に御成敗式目（貞永式目）をつくった人物はだれか。,北条泰時 (ほうじょうやすとき)
鎌倉時代,米の裏作に麦をつくる農業を何というか。,二毛作 (にもうさく)
鎌倉時代,後鳥羽上皇の命令で藤原定家らが編集した和歌集を何というか。,新古今和歌集
鎌倉時代,鎌倉時代を代表する軍記物で平氏の盛衰をえがいた物語を何というか。,平家物語(へいけものがたり)
鎌倉時代,阿弥陀如来の救いを信じて念仏を唱えればだれでも極楽浄土に生まれ変われると説いて，浄土宗を開いた人物はだれか。,法然 (ほうねん)
鎌倉時代,親鸞（しんらん）が広めた阿弥陀如来にすがれば悪人でも救われるという仏教の宗派を何というか,浄土真宗 (じょうどしんしゅう)
鎌倉時代,栄西や道元が伝えた座禅によって自分の力でさとりを開こうとする仏教の宗派を何というか。,禅宗 (ぜんしゅう)
鎌倉時代,935年に関東地方でおこった武士による大規模な反乱を何というか。,平将門の乱(たいらのまさかどのらん)
鎌倉時代,939年に瀬戸内海地方でおこった武士による大規模な反乱を何というか。,藤原純友の乱(ふじわらのすみとものらん)
鎌倉時代,東北地方の大きな戦乱（前九年合戦・後三年合戦）をしずめた武士はだれか。,源義家(みなもとのよしいえ)
鎌倉時代,1159年におこり、平清盛が勝利をおさめた乱を何というか。,平治の乱(へいじのらん)
鎌倉時代,平清盛が、航路を整え、兵庫（神戸市）の港を整備し、貿易を行ったのは中国の何という国か。,宋(そう)
鎌倉時代,1185年に源義経などが平氏の一族を追いつめ、ついにほろぼした場所はどこか。,壇ノ浦(だんのうら)
鎌倉時代,鎌倉幕府を開いた源頼朝は何という役職に任命されたか。,征夷大将軍(せいいたいしょうぐん)
鎌倉時代,源義経がのがれた先である、奥州の平泉（岩手県）で独自の文化を築いて栄えていた豪族は何氏か。,藤原氏(ふじわらし)
鎌倉時代,御恩をあたえられて、将軍に忠誠をちかった武士のことを何というか。,御家人(ゴケニン)
鎌倉時代,御家人の武士が、戦いがおこったときに、生命をかけて軍役の義務を果たすことを何というか。,奉公(ほうこう)
鎌倉時代,1221年に、朝廷の勢力の回復を図って承久の乱をおこした人物はだれか,後鳥羽上皇(ごとばじょうこう)
鎌倉時代,承久の乱のとき、嫌倉の武士たちに、源頼朝の御恩を説いて結束をうったえた人物はだれか。,北条政子(ほうじょうまさこ)
鎌倉時代,地頭と領主の間で土地争いがおき、地頭に土地の半分があたえられたことを何というか。,下地中分(したじちゅうぶん)
鎌倉時代,武士の生活の中で、名誉を重んじ恥をきらう、武士らしい心構えを「武士（もののふ）の道」あるいは何と呼んだか。,弓馬の道(きゅうばのみち)
鎌倉時代,武士の家では、一族の長が中心となって子や兄弟などをまとめ、団結していた。この長を何というか。,惣領(そうりょう)
鎌倉時代,1232年に北条泰時が執権政治を進めるための法律を定めた。この法律を何というか。,御成敗式目（貞永式目）(ごせいばいしきもく（じょうえいしきもく）)
鎌倉時代,農具をつくる鍛冶屋や、衣服の染物を行う紺屋などを何というか。,手工業者(しゅこうぎょうしゃ)
鎌倉時代,寺社の門前や交通の便利なところできまった日に開かれ、米や布などの商品を並べて売る市を何というか。,定期市(ていきいち)
鎌倉時代,社会のむなしさを「方丈記」に記した人物はだれか。,鴨長明(かものちょうめい)
鎌倉時代,宋からの新しい建築様式で述されたのは、何という寺の何という門か。,東大寺南大門(トウダイジナンダイモン)
鎌倉時代,東大寺南大門に置かれている，運慶の制作した力強い彫刻作品を何というか。,金剛力士像(こんごうりきしぞう)
鎌倉時代,各地をめぐって，琵琶を弾きながら「平家物語」を語り広めた人を何というか。,琵琶法師(びわほうし)
鎌倉時代, 「徒然草」を著し、生き生きとした民衆の姿を取り上げた人物はだれか。,兼好法師(けんこうほうし)
鎌倉時代,一遍（いっぺん）が念仏の札を配って念仏の教えを広めた仏教の宗派を何というか。,時宗(じしゅう)
鎌倉時代,日蓮が開いた、法華経の題目を唱えれば、人も国も救われると説いた仏教の宗派を何というか。,日蓮宗（法華宗）(にちれんしゅう（ほっけしゅう）)
鎌倉時代,禅宗の一つで、北陸地方を中心に曹洞宗を開いた人物はだれか。,道元(どうげん)
鎌倉時代,神への信仰を仏教に取り入れた考えを何というか。,神仏習合(しんぶつしゅうごう)
室町時代,13世紀はじめモンゴル民族を統一してモンゴル帝国を築いたのはだれか。,チンギス・ハン
室町時代,国号を元と改め中国を統一したモンゴル帝国第5代皇帝はだれか。,フビライ・ハン
室町時代,フビライ・ハンは都を何という都市に移したか。,大都 (だいと)
室町時代,元軍が退いたあと防備のために嫌倉幕府が博多湾沿いに築いた石垣を何というか。,石塁 (せきるい)
室町時代,1281年に起こった２度目の元軍の襲来を何というか,弘安の役 (こうあんのえき)
室町時代,文永の役、弘安の役の元軍の襲来をあわせて何というか。,元寇 (げんこう)
室町時代,元軍が襲来したときの鎌倉幕府の執権はだれか。,北条時宗 (ときむね)
室町時代,鎌倉幕府が出した質流れや売った土地をもとの持ち主にただで返すことを定めた法令を何というか。,（永仁の)徳政令 (（えいにんの)とくせいれい)
室町時代,鎌倉時代末期にあらわれた幕府や莊園領主に従わない者を何というか。,悪党 (あくとう)
室町時代,鎌倉幕府をたおそうとして楠木正成らに挙兵を呼びかけた天皇はだれか。,後醍醐天皇 (ごだいごてんのう)
室町時代,1338年に征夷大将軍に任じられ室町幕府を開いた人物はだれか。,足利尊氏 (あしかがたかうじ)
室町時代,14世紀末に2つの朝廷を統一を実現させた室町幕府の第３代将軍はだれ,足利義満 (あしかがよしみつ)
室町時代,領国内の武士を従え一国を支配する領主に成長した守護を何というか。,守護大名 (しゅごだいみょう)
室町時代,室町幕府で将軍の補佐役として置かれた役職を何というか。,管領 (かんれい)
室町時代,室町幕府が関東地方を支配するために鎌倉に置いた役所を何というか。,鎌倉府
室町時代,14世紀中ごろに元を追いはらって，中国を統一した漢民族の国を何というか,明（みん）
室町時代,13～16世紀に大陸沿岸で海賊行為をしていた集団を何というか。,倭寇 (わこう)
室町時代,日本と明との貿易において正式な貿易船の証明書として使われたものを何というか。,勘合 (かんごう)
室町時代,明との貿易において日本が輪人し定期市での取り引きなどに使われたものは何か。,銅銭(明銭) (どうせん(みんせん))
室町時代,14世紀末，高麗（こうらい）をたおして建国された国を何というか。,朝鮮国 (ちょうせんこく)
室町時代,朝鮮国を建国した人物はだれか。,李成桂 (りせいけい)
室町時代,15世紀前半に尚（しょう）氏が沖縄島を統一して建てた国を何というか。,琉球王国
室町時代,狩りや漁、交易をして生活していた北海道の先住民族を何というか。,アイヌ民族
室町時代,アイヌ民族の首長で15世紀に起こった和人への蜂起（ほうき）の中心となった人物はだれか。,コシャマイン
室町時代,室町時代のころ、かんがいに用いられるようになった装置は何か。,水車
室町時代,港で物資の保管や運送を行った業者を何というか。,問 (とい)
室町時代,商人や手工業者がつくった同業者の団体を何というか。,座 (ざ)
室町時代,中世の金融業者には酒屋のほかにどのようなものがあったか。,土倉 (どそう)
室町時代,団結した農民らが、土倉（どそう）などをおそって借金の帳消しなどを求めた動きを何というか。,土一揆 (どいっき)
室町時代,浄土真宗の信仰で結びっいた人々が起こした一揆を何というか。,一向一揆 (いっこういっき)
室町時代,家臣が守護大名をたおすなど下の地位の者が上の地位の者を実力でたおす風潮を何というか。,下剋上 (げこくじょう)
室町時代,室町時代後半の約100年間の戦乱の時代を何時代というか。,戦国時代
室町時代,戦国大名が城を中心にして家臣や商工業者を集めてつくった都市を何というか。,城下町(じょうかまち)
室町時代,戦国大名が領国内を支配するために定めた独自の法令を何というか。,分国法 (ぶんこくほう)
室町時代,京都で祇園（ぎおん）祭を再興するなどした裕福な商工業者を何というか。,町衆 (まちしゅう)
室町時代,猿楽や田楽から発達し観阿弥（かんあみ）と世阿弥（ぜあみ）によって大成された芸能を何というか。,能 (のう)
室町時代,足利義満が京都の北山の別荘に建てた3つの建築様式からなる建築物を何というか。,金閣(きんかく)
室町時代,足利義満のころの文化を特に何というか。,北山文化(きたやまぶんか)
室町時代,足利義政が建てた東求堂（とうぐどう）などにみられ，ふすまや畳床の間などがある建築様式を何というか。,書院造 (しょいんづくり)
室町時代,雪舟（せっしゅう）が大成した墨の濃淡によって自然などを表現する絵画を何というか,水墨画(すいぼくが)
室町時代,足利義政が京都の東山の別莊に建てた，2つの建築様式からなる建築物を何というか。,銀閣(ぎんかく)
室町時代,足利義政のころの文化を特に何というか,東山文化(ひがしやまぶんか)
室町時代,能の合間に演じられた喜劇を何というか。,狂言 (きょうげん)
室町時代,フビライ・ハンに仕え、「世界の記述」 (東方見聞録) のなかで日本を「黄金の国ジパング」と紹介したイタリア人はだれか。,マルコ・ポーロ
室町時代,1274年に元の軍が対馬・壱岐をへて九州北部の博多湾岸に上陸した戦乱を何というか。,文永の役(ブンエイノエキ)
室町時代,文永の役のときの元の軍には、モンゴル帝国による支配を受けていた朝鮮半島の国の軍勢もふくまれていた。この朝鮮半島の国を何というか,高麗(こうらい)
室町時代,生活が苦しくなった御家人を救うために幕府が出した、御家人が借金のかたで失った土地を返させる命令を何というか。,徳政令(とくせいれい)
室町時代,鎌倉幕府が滅亡したことにより、後醍醐天皇による新たな政治が始まった この政治を何というか。,建武の新政(ケンムノシンセイ)
室町時代,建武の新政に失敗した後醍醐天皇はどこへのがれたか。,吉野
室町時代,足利尊氏が開いた幕府は， 3代将軍がこの幕府を移した地名から何と呼ばれているか。,室町幕府
室町時代,全国の武士が、南朝と北朝の2つの朝廷にそれぞれ分かれて戦った約6年にわたる全国的な動乱を何というか。,南北朝の動乱
室町時代,室町幕府で御家人の統率や京都の警備を行い，長官には有力な守護が任命された機関を何というか。,侍所(さむらいどころ)
室町時代,朝鮮国でつくられた文字を何というか。,ハングル
室町時代,足利義満が始めた，日本と朝鮮国との貿易を何というか。,日朝貿易
室町時代,(7)は、日本や中国、東南アジアにも船を送り、産物をやりとりする貿易を行っていた。この貿易を何というか,中継貿易(なかつぎぼうえき)
室町時代,古くからアイヌ民族が住んでいた現在の北海道は、かつては何と呼ばれていたか,蝦夷地(えぞち)
室町時代,西陣（京都市）や博多（福岡市）で生産された手工業品の特産物は何か。,絹織物(きぬおりもの)
室町時代,室町時代の商業で、決まった日に行われる市を何というか。,定期市(ていきいち)
室町時代,室町時代に活動していた、物資の陸上輸送をあつかう者を何というか。,馬借(ばしゃく)
室町時代,寺社の近くにさかえた町を何というか。,門前町(もんぜんまち)
室町時代,有力な農民を中心に村ごとにまとまった自治組織を何というか。,惣村(そうそん)
室町時代,農村で用水路の建設や管理、森林の利用や管理などを定めたものを何というか。,村のおきて
室町時代,1467年に将軍のあとつぎ問題をめぐって京都でおこり，11年にわたって続いた戦乱を何というか。,応仁の乱(オウニンノラン)
室町時代,応仁の乱のとき山名氏と対立した，当時管領であった有力な守護大名はだれか,細川勝元（細川氏）
室町時代,1485年，現在の京都府南部でおこった、武士と農民とが一体となり、守護大名を追いはらって自治を行った一揆を何というか。,山城国一揆
室町時代,1488年、北陸地方で浄土真宗（一向宗）の信者らが守護大名をたおして、100年近く自治を行った一揆を何というか。,（加賀の）一向一揆(（かがの）いっこういっき)
室町時代,鎌倉時代に栄西が宋からもたらした茶を飲む習慣をもとに室町時代に流行した、茶を楽しむことを何というか,茶の湯
室町時代,和歌の上の句と下の句とを別の人が次々によみ続けていくものを何というか。,連歌(れんが)
室町時代,京都と鎌倉にある禅宗の五つの主要寺院を何というか。,五山(ござん)
室町時代,龍安寺の石庭など石や木をたくみに配置した庭園をつくることに力を発揮した人たちを何というか。,河原者(かわらもの)
室町時代,室町時代にさかんに読まれた、「一寸法師」などの絵入りの物語を何というか,御伽草子(おとぎぞうし)
戦国・安土桃山時代,中世の西ヨーロッパで影響力をもった，カトリック教会の中心人物を何というか。,ローマ教皇(きょうこう）(法王)
戦国・安土桃山時代,ローマ教皇の呼びかけで，聖地エルサレムをイスラム教徒から取りもどすことをめざして遠征したものは何か。,十字軍
戦国・安土桃山時代,14世紀ごろにイタリアの都市でおこった，人間の個性や自由を表現しようとする風潮を何というか。,ルネサンス
戦国・安土桃山時代,16世紀前半に始まった，キリスト教のあり方を改めようとした動きを何というか。,宗教改革
戦国・安土桃山時代,カトリック教会を批判し ドイツで聖書にもとづく信仰の大切さを唱えた人物はだれか。,ルタ一
戦国・安土桃山時代,フランスやスイスで，宗教革命を進めた人物はだれか。,カルバン
戦国・安土桃山時代,宗教革命を支持し，カトリック教会に反対して改革を進めた人々は何と呼ばれたか ,プロテスタント
戦国・安土桃山時代,宗教革命に対して，カトリック教会内部からの立て直しを中心となって進めた組織を何というか。,イエズス会
戦国・安土桃山時代,1498年にアフリカの南端を通ってインドに着く航路を発見した人物はだれか。,バスコ・ダ・ガマ
戦国・安土桃山時代,1492年，大西洋を横断してアメリカ大陸付近の島に着いた人物はだれか。,コロンブス
戦国・安土桃山時代,1522年，世界一周を達成した船隊の隊長だった人物はだれか。,マゼラン
戦国・安土桃山時代,アメリカ大陸に栄えていたアステ力やインカ帝国を征服して，この地域を植民地とした国はどこか。,スペイン
戦国・安土桃山時代,16世紀末にスペインから独立し，東インド会社を設立するなど，勢いを強めた国はどこか,オランダ
戦国・安土桃山時代,1543年に，漂着したポルトガル人によって伝えられ，すぐに戦国大名に広まったものは何か,鉄砲
戦国・安土桃山時代,鉄砲が伝わった，鹿児島県の島を何というか。,種子島
戦国・安土桃山時代,イエズス会の宣教師で，1549年に日本にキリスト教を伝えた人物はだれか。,フランシスコ・ザビエル
戦国・安土桃山時代,九州のキリシ夕ン大名が，ローマ教皇に派遣した4 人の少年使節を何というか。,天正遣欧少年使節 (てんしょうけんおうしょうねんしせつ)
戦国・安土桃山時代,織田信長が東海地方を支配していた今川義元を破った戦いを何というか。,桶狭間の戦い (おけはざまのたたかい)
戦国・安土桃山時代,信長が鉄砲を組織的に使い，甲斐の武田氏を破った戦いを何というか。,長篠の戦い (ながしののたたかいい)
戦国・安土桃山時代,信長が全国統一の拠点として滋賀県に築いた城を何というか。,安土城 (あづちじょう)
戦国・安土桃山時代,信長が商工業を活発にさせるため，市での税を免除し，座の特権を取り上げた政策を何というか。,楽市・楽座 (らくいち・らくざ)
戦国・安土桃山時代,1582年に，家臣の明智光秀に攻められて，信長が自害したのは何という寺か,本能寺 (ほんのうじ)
戦国・安土桃山時代,信長の死後，明智光秀をたおし，信長の後継者となった豊臣秀吉が全国統一の拠点として築いた城を何というか,大阪城
戦国・安土桃山時代,信長や秀吉が全国統一をめざした時代を何というか。 ,安土桃山時代(あづちももやまじだい)
戦国・安土桃山時代,秀吉が行った，全国の田畑の広さや収穫高を調べ，耕作者を検地帳に記載した政策を何というか。,太閤検地 (たいこうけんち)
戦国・安土桃山時代,秀吉が行った，百姓から武器を取り上げた政策を何というか。,刀狩 (かたながり)
戦国・安土桃山時代,太閤検地（たいこうけんち）や刀狩りによって，武士と農民の区別がはっきりしたことを何というか。,兵農分離 (へいのうぶんり)
戦国・安土桃山時代,秀吉が征服しようとした当時の中国の王朝を何というか。,明（みん）
戦国・安土桃山時代,秀吉が1592年以降，2度にわたって大軍を送った国はどこか。 ,朝鮮
戦国・安土桃山時代,「唐獅子図屏風（からじしずびょうぶ）」などの屏風絵やふすま絵をえがいた人物はだれか。,狩野永徳 (かのうえいとく)
戦国・安土桃山時代,秀吉に仕え，わび茶を大成させた人物はだれか。,千利休 (せんのりきゅう)
戦国・安土桃山時代,スペイン人やポルトガル人との貿易によって，ヨーロツバの学問や文化が伝わった。これらに影響を受けて成立した文化を何というか。,南蛮文化 (なんばんぶんか)
戦国・安土桃山時代,中世ヨーロッパのキリスト教会でビザンツ帝国と結びついた教会を何というか,正教会(せいきょうかい)
戦国・安土桃山時代,中世ヨーロッパで、ロ一マ教皇を中心とした教会を何というか。,カトリック教会
戦国・安土桃山時代,ルネサンス期に「モナリザ」をかいた人物はだれか,レオナルド・ダ・ビンチ
戦国・安土桃山時代,ローマ教皇が大聖堂を改築するための費用を集めるために売り出したものを何というか。,免罪符(めんざいふ)
戦国・安土桃山時代,スペイン人が先住民を征服、支配したアメリカ大陸はスペインの何となったか。,植民地
戦国・安土桃山時代,ヨーロッパアフリカ、アメリカ大陸の三つの地域間の貿易を何というか。,(大西洋の）三角貿易
戦国・安土桃山時代,16世紀に日本へ来るようになったポルトガル人やスペイン人のことを何と呼んだか。,南蛮人(ナンバンジン)
戦国・安土桃山時代,南蛮人の人たちとの貿易を何というか。,南蛮貿易(なんばんぼうえき)
戦国・安土桃山時代,領内の港に南蛮船を呼ぶために、キリスト教徒になった戦国大名のことを何というか。,キリシタン大名
戦国・安土桃山時代,織田信長が桶狭間の戦いで破った戦国大名の名を何というか,今川義元(いまがわよしもと)
戦国・安土桃山時代,織田信長が1573年に京都から追放した室町幕府の将軍の名を何というか,足利義昭(あしかがよしあき)
戦国・安土桃山時代,豊臣秀吉は明智光秀をたおし、大阪に壮大な城を築いて本拠地とし，朝廷から何という役職に任命されたか。,関白(かんぱく)
戦国・安土桃山時代,豊臣秀吉は、全国統一のため九州の島津氏を降伏させ、次に関東の何氏をたおしたか。,北条氏(ほうじょうし)
戦国・安土桃山時代,豊臣秀吉の鉱山開発で、生野銀山、石見銀山のほかに、新潟県で行ったのは何という鉱山か。,佐渡金山(さどきんざん)
戦国・安土桃山時代,豊臣秀吉が、日本は「神国」であるとして宣教師の国外追放を命じた法令を何というか。,バテレン追放令(ばてれんついほうれい)
戦国・安土桃山時代,16世紀末に、大名や大商人の権力や富を背景に栄えた、豪華で壮大な文化を何というか。,桃山文化(ももやまぶんか)
戦国・安土桃山時代,琉球から伝わった三線をもとにつくられたもので、浄瑠璃の伴奏に使われた楽器を何というか。,三味線(しゃみせん)
戦国・安土桃山時代,かぶき踊りを始めた女性の名を何というか。,出雲の阿国(いずものおくに)
江戸時代,徳川家康が，豊臣氏の政権を守ろうとする石田三成らを破った戦いを何というか。,関ヶ原の戦い(せきがはらのたたかい)
江戸時代,徳川家康が開いた幕府を何というか,江戸幕府
江戸時代,幕府が直接支配した土地を何というか。,幕領 (ばくりょう)
江戸時代,徳川氏の一族である大名を何というか。,親藩 (しんぱん)
江戸時代,関ヶ原の戦い以前から徳川氏に従っていた大名を何というか。 ,譜代大名 (ふだいだいみょう)
江戸時代,関ヶ原の戦いののちに徳川氏に従った大名を何というか。,外様大名 (とざまだいみょう)
江戸時代,大名の領地とその支配のしくみを何というか。,藩 (はん)
江戸時代,幕府と藩（はん）によって全国の土地と民衆を支配した体制を何というか。,幕藩体制 (ばくはんたいせい)
江戸時代,大名を１年ごとに江戸と領地に住まわせた制度を何というか,参勤交代 (さんきんこうたい)
江戸時代,参勤交代の制度を制定した第３代将軍はだれか。,徳川家光(とくがわいえみつ)
江戸時代,朝廷を監視するために京都に置かれたものは何か。,京都所司代 (きょうとしょしだい)
江戸時代,江戸時代の身分制度の中で，人々を支配するとされていた身分は何か。,武士
江戸時代,町に住む，商人や職人を何というか。,町人 (ちょうにん)
江戸時代,百姓のうち，自分の土地を持つ百姓を何というか。,本百姓 (ほんひゃくしょう)
江戸時代,百姓のうち 自分の土地を持たない百姓を何というか。,水のみ百姓
江戸時代,村を運営した庄屋（しょうや）や組頭（くみがしら）や百姓代（ひゃくしょうだい）などを何というか。,村役人 (むらやくにん)
江戸時代,幕府は（　　）を確実に取るために土地の売買を禁止するなどした。,年貢 (ねんぐ)
江戸時代,百姓に対し年貢（ねんぐ）の納入や犯罪の防止に連帯責任を負わせた制度を何というか。,五人組(ごにんぐみ)
江戸時代,徳川家康が発行した，日本船の海外渡航を許可した書状を何というか。,朱印状 (しゅいんじょう)
江戸時代,朱印船貿易によって，東南アジア各地にできた日本人が住む町を何というか。,日本町(にほんまち)
江戸時代,1612年に幕府は幕領に禁教令を出して（　　）を禁止した。（　）にあてはまる語句を書け。,キリスト教
江戸時代,"1637年, 九州地方で起きた，キリシタンを中心とした一揆を何というか。",島原・天草一揆 (しまばら・あまくさいっき)
江戸時代,日本から海外への出入国や外国との貿易が制限された状態を何というか。,鎖国 (さこく)
江戸時代,仏教の信者であることを寺に証明させた制度を何というか。,宗門改 (しゅうもんあらため)
江戸時代,17世紀の中ごろ，明に代わって中国を支配した女真族（じょしんぞく）の国を何というか,清 (しん)
江戸時代,ヨーロッパの国々の中で，唯一，日本との貿易を許された国はどこか。,オランダ
江戸時代,オランダの商館は長崎のどこに置かれたか。,出島(でじま)
江戸時代,幕府がオランダに提出させた海外の情報を集めた報告書を何というか。,オランダ風説書(おらんだふうせつがき)
江戸時代,朝鮮との貿易や外交を行った藩はどこか。,対馬藩 (つしまはん)
江戸時代,朝鮮の釜山（ぷさん）に置かれた日本の商館は何と呼ばれたか。,倭館 (わかん)
江戸時代,朝鮮から将軍の代わりなどに江戸に送られた使節を何というか。,朝鮮通信使(ちょうせんつうしんし)
江戸時代,17世紀のはじめ，琉球王国を征服した藩はどこか。,薩摩藩 (さつまはん)
江戸時代,古くから，蝦夷地に住んでいた民族を何というか。,アイヌ民族
江戸時代,アイヌ民族の人々との交易を独占した藩はどこか。,松前藩 (まつまえはん)
江戸時代,蝦夷地（えぞち）で不平等な交易を行う松前藩に対して，アイヌ民族の人々が17世紀後半に起こした戦いの指導者となった人物はだれか。,シャクシャイン
江戸時代,関ヶ原の戦いで石田三成を破った後、征夷大将軍に任命され、江戸幕府を開いた人物はだれか。,徳川家康(とくがわいえやす)
江戸時代,江戸幕府で将軍の下に常時置かれ，中心になって政治の運営を行った職を何というか。,老中(ろうじゅう)
江戸時代,幕府は、大名を統制するために、幕府の許可なしでの築城や婚姻を禁止した法律を定めた。この法律を何というか。,武家諸法度(ぶけしょはっと)
江戸時代,徳川家康は日本船に渡航を許す許可証をあたえ進めた。この貿易を何というか。,朱印船貿易(しゅいんせんぼうえき)
江戸時代,キリスト教徒を発見するために、キリストや聖母マリアの像を踏ませることを何というか。,絵踏(えぶみ)
江戸時代,1639年、貿易船の来航が禁止された国はどこか。,ポルトガル
江戸時代,薩摩藩に攻められ服属したが、その後も明や清とも貿易を行った王国を何というか。,琉球（王国)
江戸時代,新田の開発がさかんに行われた結果，18世紀はじめには，耕地面積は豊臣秀吉のころのおよそ何倍となったか。,（およそ）2倍
江戸時代,土地を深く耕すことができるよう改良され，江戸時代に全国に広まった農具を何というか。,備中ぐわ (びっちゅうぐわ)
江戸時代,手工業の発展とともに，麻やわたなど，商品として売ることを目的とする作物がつくられるようになった。このような作物を何というか。,商品作物
江戸時代,現在の千葉県にあり，いわし漁が盛んであった場所はどこか。,九十九里浜(くじゅうくりはま)
江戸時代,野田や銚子（ちょうし）で大規模に生産された特産物は何か。,しょう油
江戸時代,大阪と江戸を結び，酒を運んだ船を何というか。,樽廻船 (たるかいせん)
江戸時代,政治の中心地であり，「将軍のおひざもと」と呼ばれた都市はどこか,江戸 (えど)
江戸時代,各地の藩が，米や特産物の管理・販売のために，大阪に設けたものを何というか,蔵屋敷(くらやしき)
江戸時代,江戸、大阪、京都はまとめて何と呼ばれたか。,三都(さんと)
江戸時代,儒学を奨励した江戸幕府の第5代将軍はだれか。（生類憐みの令を出して民衆を苦しめた）,徳川綱吉 (とくがわつなよし)
江戸時代,17世紀末から18世紀のはじめに上方（かみがた）で栄えた町人文化を何というか。,元禄文化 (げんろくぶんか)
江戸時代,曽根崎心中（そねざきしんじゅう）などの人形浄瑠璃の台本を書いた人物はだれか。,近松門左衛門 (ちかまつもんざえもん)
江戸時代,"俳諸を芸術にまで高め,「奥の細道」を書いた人物はだれか。",松尾芭蕉 (まつおばしょう)
江戸時代,菱川師宣（ひじかわもろのぶ）が始めた，町人の風俗を題材としてえがいた絵画を何というか。,浮世絵 (うきよえ)
江戸時代,江戸幕府の第8代将軍はだれか。,徳川吉宗 (とくがわよしむね)
江戸時代,徳川吉宗が行った改革を何というか。,享保の改革 (きょうほうのかいかく)
江戸時代,徳川吉宗が，大名に対して参勤交代をゆるめるかわりに，米を幕府におさめさせた制度を何というか,上げ米の制 (あげまいのせい)
江戸時代,徳川吉宗が，人々の意見を政治に反映させるために，江戸に設置した投書箱を何というか。,目安箱 (めやすばこ)
江戸時代,徳川吉宗が，裁判の基準とするために制定した法令集を何というか。,公事方御定書 (くじかたおさだめがき)
江戸時代,土地を手放すなどして地主から土地を借りて耕作した農民を何というか,小作人 (こさくにん)
江戸時代,18世紀ごろから行われるようになった，問屋が農民に道具などを貸して製品をつくらせ，安く買い取ったしくみを何というか。,問屋制家内工業 (とんやせいかないこうぎょう)
江戸時代,19世紀ごろから行われるようなった，大商人や地主が工場に人を集めて分業で製品をっくらせたしくみを何というか。,工場制手工業(マニュファクチュア)
江戸時代,年貢（ねんぐ）の軽減などを求めて，百姓たちが団結して起こした抗議運動を何というか。,百姓一揆 (ひゃくしょういっき)
江戸時代,米を買いしめた商人などに対して，都市の貧しい人々が集団で暴動を起こしたことを何というか。,打ちこわし (うちこわし)
江戸時代,18世紀後半に老中となり，商人の力を利用して産業政策をおし進めた人物はだれか。,田沼意次 (たぬまおきつぐ)
江戸時代,田沼意次が長崎貿易で輸出を奨励した，いりこや、干しあわび，ふかのひれなどの海産物を何というか,俵物 (たわらもの)
江戸時代,1787年に老中となって改革を行った人物はだれか。,松平定信
江戸時代,松平定信（さだのぶ）の人物が行った改革を何というか。,寛政の改革 (かんせいのかいかく)
江戸時代,1792年に根室に来航したロシアの使節はだれか。,ラクスマン
江戸時代,1804年に長崎に来航したロシアの使節はだれか。,レザノフ
江戸時代,諸藩が独自に発行した紙幣を何というか。,藩札 (はんさつ)
江戸時代,日本の古典を研究し仏教や儒教の影響を受ける以前の日本の精神を明らかにしようとした学問を何というか。,国学(こくがく)
江戸時代,「古事記伝」を書き，国学を大成させた人物はだれか。,本居宣長 (もとおりのりなが)
江戸時代,オランダ語を通じて，西洋の技術や文化を研究する学問を何というか。,蘭学 (らんがく)
江戸時代,杉田玄白らがヨーロッパの人体解剖書を翻訳、出版したものを何というか,解体新書 (かいたいしんしょ)
江戸時代,全国の海岸線を測量し，正確な日本地図を作成した人物はだれか。,伊能忠敬 (いのうただたか)
江戸時代,19世紀はじめごろ，江戸を中心に栄えた文化を何というか。,化政文化 (かせいぶんか)
江戸時代,「東海道中膝栗毛」という、こっけい本を書いた人物はだれか。,十返舍一九（じゅっぺんしゃいっく）
江戸時代,浮世絵の一種で，多色刷りの版画を何というか,錦絵 (にしきえ)
江戸時代,錦絵で美人画をえがいて人気となった人物はだれか。,喜多川歌麿 (きたがわうたまろ)
江戸時代,葛飾北斎と並ぶ風景画の作者として名を残し，「東海道五十三次」や「名所江戸百景」をえがいた人物はだれか。,歌川(安藤)広重 (うたがわ(あんどう)ひろしげ)
江戸時代,化政文化（かせいぶんか）において優れた俳句を残したのは，小林一茶ともう一人はだれか,与謝蕪村 (よさぶそん)
江戸時代,諸藩（しょはん）が，武士の子弟を教育するために建てた学校を何というか。,藩校 (はんこう)
江戸時代,農民や町人の子弟に「読み・書き・そろばん」などを教えた教育施設を何というか。,寺子屋 (てらこや)
江戸時代,日本の沿岸に近づいた外国船に対して，撃退するよう幕府が決めた法令を何というか。,異国船打払令 (いこくせんうちはられい)
江戸時代,異国船打払令により，漂流民を引きわたそうとしたアメリカの商船を砲撃した事件を何というか。,モリソン号事件
江戸時代,1839年，異国船打払令を批判した蘭学者を，幕府が処罰したことを何というか。,蛮社の獄 (ばんしゃのごく)
江戸時代,天保のききんに苦しむ人を助けようと，大阪で兵を挙げた陽明学者はだれか。,大塩平八郎 (おおしおへいはちろう)
江戸時代,天保の改革を行った人物はだれか。,水野忠邦 (みずのただくに)
江戸時代,現在の山口県にあたり，財政の立て直しを行って藩政改革に成功した藩はどこか。,長州藩 (ちょうしゅうはん)
江戸時代,幕府や藩により開発された新しい耕地を何というか。,新田(しんでん)
江戸時代,農具の改良により、脱穀（だっこく）を効率的に行えるようになった。この農具は何か。,千歯こき
江戸時代,染料に使う商品作物としてさかんに栽培されたのは、「あい」ともう1 つは何か。,べにばな
江戸時代,佐渡（新潟県）の鉱山で産出されたものは何か。,金
江戸時代,いわしを原料としてつくられた肥料を何というか。,干鰯(ほしか)
江戸時代,にしん漁やこんぶ漁が発達した地域はどこか。,蝦夷地(えぞち)
江戸時代,紀伊や土佐などでさかんに漁獲されたのは、くじらともう1 つは何か。,かつお
江戸時代,江戸を中心に整えられた東海道・中山道・甲州道中・日光道中・奥州道中をまとめて何というか。,五街道(ごかいどう)
江戸時代,大阪と江戸を結ぶ定期船で、木綿や油、しょう油を運んだ船を何というか。,菱垣廻船(ひがきかいせん)
江戸時代,東北地方から日本海沿岸を通り、瀬戸内海から大阪へいたる航路を何というか。,西廻り航路(にしまわりこうろ)
江戸時代,三都のうち、西陣織などの高級な織物を産出した都市はどこか。,京都
江戸時代,大阪の鴻池（こうのいけ）や江戸の三井のように、金と銀との両替や金貸しを行った業者を何というか。,両替商(りょうがえしょう)
江戸時代,5代将軍徳川綱吉が奨励した儒学の中で、身分秩序を重視する学問は何か。,朱子学(しゅしがく)
江戸時代,井原西鶴は，町人や武士のくらしをありのままに小説にえがいた。このような作品は何と呼ばれたか。,浮世草子(うきよぞうし)
江戸時代,各地を旅しながら、俳諧を芸術として大成した人物はだれか。,松尾芭蕉(まつおばしょう)
江戸時代,田沼意次が奨励した商工業者の同業者組織を何というか。,株仲間(かぶなかま)
江戸時代,田沼意次が干拓を始めた千葉県の沼はどこか,印旛沼(いんばぬま)
江戸時代,松平定信が朱子学を学ばせるために、江戸の湯島（ゆしま）につくった学問所を何というか。,昌平坂学問所(しょうへいざかがくもんしょ)
江戸時代,もと町奉行所の役人であった大塩平八郎が，貧しい人々を助けようとして乱をおこした都市はどこか。,大阪
江戸時代,老中の水野忠邦が行った幕府政治の改革を何というか。,天保の改革(てんぽうのかいかく)
江戸時代,黒砂糖の専売制や密貿易などで経済力をたくわえ、財政を立て直した、現在の鹿児島県にあった藩を何というか。,薩摩藩(さつまはん)
江戸時代,鎖国下の日本とも貿易を行い，17世紀にヨーロッパの商業や文化の中心となった国はどこか。,オランダ
江戸時代,社会契約説や抵抗権を唱えた啓蒙思想家はだれか。,ロック
江戸時代,三権分立を説いた啓蒙思想家はだれか。,モンテスキュー
江戸時代,人民主権を主張した啓蒙思想家はだれか。,ルソー
江戸時代,国王の専制政治の根拠となった，国王の権限は神にあたえられたものであるという考え方を何というか。,王権神授説 (おうけんしんじゅせつ)
江戸時代,17世紀半ば，議会が国王の専制に反対し，国王を処刑して共和国を建設したィギリスの革命を何というか。,ピューリタン革命
江戸時代,ピューリタン革命の指導者となった人物はだれか。,クロムウェル
江戸時代,1688年，国王と対立した議会が，オランダから新しい国王を迎え，それまでの国王を退位させたイギリスの革命を何というか。,名誉革命
江戸時代,名誉革命で国王は議会の承認がないと，法律をつくることができないことなどを定めたものを何というか。,権利章典 (けんりしょうてん)
江戸時代,北アメリカを植民地としていた国はどこか。,イギリス
江戸時代,イギリスに対して，北アメリカの植民地の人々が1776年に発表したものは何か。,独立宣言
江戸時代,独立戦争に勝利したアメリカが1787年に制定した，人民主権，連邦制，三権分立を柱とする憲法を何というか。,合衆国憲法
江戸時代,アメリカ合衆国の初代大統領となった人物はだれか。,ワシン卜ン
江戸時代,17世紀後半のフランスで行われていた，絶対的な権力を持つ国王による政治を何というか。,絶対王政 (ぜったいおうせい)
江戸時代,ヨーロッパの政治と文化の中心地としてルイ14世がパリ郊外に築いた宮殿を何というか。,ベルサイユ宮殿
江戸時代,1789年，フランスで人々が立ち上がったできごとを何というか。,フランス革命
江戸時代,フランス革命の際に，圧政の象徴として民衆が攻撃したバリの牢獄を何というか。,バスチーユ牢獄 (ばすちーゆろうごく)
江戸時代,フランス革命の際に国民議会によって発表された，個人の権利の尊重と人民主権を示したものを何というか,人権宣言
江戸時代,フランス革命の後，皇帝として権力をにぎり，欧米諸国を征服した人物はだれか。,ナポレオン
江戸時代,18世紀中ごろにイギリスの工場の機械に使われ，製品を安く大量に生産できるようになった動力を何というか。,蒸気機関
江戸時代,蒸気機関の使用など技術の向上により，産業や社会のしくみが大きく変わったことを何というか。,産業革命
江戸時代,産業革命が世界で最初に起こり，急速に工業が発展したイギリスは，19世紀には何と呼ばれるようになったか。,世界の工場
江戸時代,資本主義の広まりに対して，労働者が職業と生活を守るために結成したものは何か。,労働組合
江戸時代,マルクスらが主張した，生産手段を共有し，平等な社会をめざす考えを何というか。,社会主義
江戸時代,1871年にドイツが統一したときの，プロイセン王国の首相だった人物はだれか。,ビスマルク
江戸時代,自由貿易と奴隸制をめぐる対立からたあアメリカが２つに分裂しておこった戦争を何というか。,南北戦争
江戸時代,イギリスが清（しん）との貿易の赤字を解消するために，清に密輸したものは何か,アヘン
江戸時代,アヘン戦争で勝利したイギリスが 清と結んだ条約を何というか。,南京条約 (なんきんじょうやく)
江戸時代,南京条約で，イギリスが手に入れた場所はどこか。,香港(ほんこん)
江戸時代,太平天国の乱の中心人物はだれか。,洪秀全 (こうしゅうぜん)
江戸時代,産業革命に成功したイギリスがインドに大量に輸出した製品は何か。,綿製品(めんせいひん)
江戸時代,1857年東インド会社にやとわれていたインド人兵士らが起こした反乱に多くの人々が加わったできごとを何というか。,インド大反乱
江戸時代,ロシアは 国内の近代化のため 19世紀に（　　　）を開放した。（　　）にあてはまる語句を書け。,農奴 (のうど)
江戸時代,ロシアが地中海沿岸や中央アジア，シベリアなどで南に進出した政策を何というか。,南下政策(なんかせいさく)
江戸時代,1853年に 江戸幕府に開国を要求するためにアメリカから派遣された人物はだれか。,ペリー
江戸時代,ペリーが 開国要求のために来航したのはどこか。,浦賀 (うらが)
江戸時代,日米和親条約によって開港されたのは，函館とあと1つはどこか。,下田 (しもだ)
江戸時代,日米修好通商条約によって開港された港は，函館・神奈川（横浜)・兵庫(神戸）・長崎とあと1つはどこか。,新潟 (にいがた)
江戸時代,日米修好通商条約で日本が認めた，外国人の犯罪をその国の領事が裁判し日本に裁判権がないことを何というか。,領事裁判権 (りょうじさいばんけん)
江戸時代,日米修好通商条約で日本に認められなかった輸出入の関税率を自主的に決める権利を何というか。,関税自主権 (かんぜいじしゅけん)
江戸時代,天皇を尊ぶ思想と外国の勢力を排除しようとする思想が結びついて，幕府に反対した運動を何というか。,尊王攘夷運動 (そんのうじょういうんどう)
江戸時代,幕府を批判する大名や公家が処罰されたできごとを何というか。,安政の大獄 (あんせいのたいごく)
江戸時代,幕末に薩摩藩で実権をにぎった代表的な人物は，大久保利通（おおくぼとしみち）とあと1人はだれか。,西郷隆盛
江戸時代,1866年に薩摩藩と長州藩が倒幕を進めるために結んだ同盟を何というか。,薩長同盟 (さっちょうどうめい)
江戸時代,薩長同盟のために薩摩藩と長州藩の間を取りもった土佐藩出身の人物はだれか。,坂本龍馬(さかもとりょうま)
江戸時代,1867年に，江戸幕府が政権を朝廷に返したことを何というか。,大政奉還 (たいせいほうかん)
江戸時代,大政奉還を行った江戸幕府の将軍はだれか。,徳川慶喜 (とくがわよしのぶ)
江戸時代,大政奉還のあとに出された，天皇を中心とする新政府の成立の宣言を何というか,王政復古の大号令 (おうせいふっこのだいごうれい)
江戸時代,1868年に鳥羽・伏見で始まった，旧幕府軍と新政府軍の戦いを何というか,戊辰戦争 (ぼしんせんそう)
江戸時代,2 度の革命をへて議会政治の確立されたイギリスでとられた、憲法にもとづいて君主が政治を行う政治制度を何というか。,立憲君主制(りっけんくんしゅせい)
江戸時代,独立戦争に勝ったアメリカで定められた合衆国憲法は三つの柱からなっている。人民主権、速邦制ともう一つは何か。,三権分立
江戸時代,生産のもとでになる資本を持つ者（資本家）が経営者として、賃金をもらって働く者（労働者）をやとうしくみを何というか。,資本主義
江戸時代,南北戦争の内戦中に「人民の、人民による人民のための政治」をうったえた大統領はだれか。,リンカーン
江戸時代,1851年に清でおこった反乱に乗じて，列強は北京を占領し、市場開放などを認めさせた。この反乱を何というか。,太平天国の乱(たいへいてんごくのらん)
江戸時代,ユーラシア大陸の北部にあり、シベリアや沿海州に進出し、19世紀末から急速に成長した国はどこか。,ロシア
江戸時代,日本を太平洋横断航路の中継地にするために、東インド艦隊司令長官のペリーを使節として、開国を求めてきた国はどこか。,アメリカ
江戸時代,1854年、幕府がペリーとの間に結んだ条約を何というか。,日米和親条約(にちべいわしんじょうやく)
江戸時代,日米修好通商条約により開かれた港で、後に最大の貿易港として発展した港はどこか。,神奈川（横浜）
江戸時代,新たに始まった外国との貿易において、日本の輪出品でもっとも多かったものは何か,生糸(きいと)
江戸時代,日米修好通商条約後、外国の勢力を排除しようとする考えが高まった。この考えのことを何というか。,攘夷論(じょういろん)
江戸時代,安政の大獄を行ったことで反発をかい 1860年、江戸城の桜田門外で暗殺された大老はだれか。,井伊直弼(いいなおすけ)
江戸時代,生麦村でイギリス人を殺傷する事件をおこしたことで、翌年、イギリスによる報復攻撃を受けた藩はどこか。,薩摩藩(さつまはん)
江戸時代,尊王攘與運動の高まりをおそれた幕府が、1864年に攻撃した藩はどこか,長州藩(ちょうしゅうはん)
江戸時代,1867年、伊勢神宮などのお札が天から降ってきたといって、人々が踊るさわぎがひろがった。このさわぎを何というか。,ええじゃないか
江戸時代,1868年4 月、新政府軍に明けわたされた、将軍の城を何というか。,江戸城
江戸時代,1871年に新政府によって行われた，藩を廃止して県を置いたことを何というか。,廃藩置県 (はいはんちけん)
江戸時代,新政府による大きな改革と それにともなう社会の変化を何というか,明治維新
江戸時代,新政府が国力をつけ，軍隊を強くすることをめざして行った政策を何というか。,富国強兵 (ふこくきょうへい)
江戸時代,1872年に制定された，小学校から大学までの学校制度を定めたものを何というか。,学制(がくせい)
江戸時代,1873年に発布された，満20歳以上の男子に兵役を義務づける法令を何というか,徴兵令 (ちょうへいれい)
江戸時代,土地の所有者に，地価の３％を地租（ちそ）として現金でおさめさせた政策を何というか,地租改正 (ちそかいせい)
江戸時代,地租改正について，人々の負担は以前と変わらなかったため，全国各地で反対一揆が起こった。このため地租は何％に引き下げられたか。,2.50%
江戸時代,近代化政策の1つとして，西洋風の生活様式を取り入れた風潮を何というか。,文明開化
江戸時代,「学問のすすめ」をあらわして，人間の平等と民主主義を説いた人物はだれか。,福沢諭吉
江戸時代,ルソーの思想を紹介し，「東洋のルソー」と呼ばれた人物はだれか。,中江兆民 (なかえちょうみん)
江戸時代,欧米の視察や不平等条約の改正を目的として派遣された使節団を何というか。,岩倉使節団 (いわくらしせつだん)
江戸時代,近代的な産業を育てるため，欧米の進んだ機械や技術を取り入れようとした政策を何というか。,殖産興業 (しょくさんこうぎょう)
江戸時代,殖産興業の1つとして，1872年に群馬県に建てられ，生糸を生産した工場を何というか。,富岡製糸場 (とみおかせいしじょう)
江戸時代,富岡製糸場のような国が運営した工場を何というか。,官営模範工場 (かんえいもはんこうじょう)
江戸時代,蝦夷地（えぞち）を北海道と改称した政府が，北海道を開拓するために置いた役所を何というか。,開拓使(かいたくし)
江戸時代,1879年，明治政府が琉球藩を廃止し，沖縄県を設置したことを何というか,琉球処分 (りゅうきゅうしょぶん)
江戸時代,1875年に結ばれた，日本とロシアの国境を決めた条約を何というか。,樺太・千島交換条約 (からふと・ちしまこうかんじょうやく)
江戸時代,民撰議院設立建白書を提出した中心人物はだれか。,板垣退助
江戸時代,1877年に鹿児島で起こった，士族による反乱を何というか。,西南戦争
江戸時代,西南戦争を起こした中心人物はだれか。,西郷隆盛
江戸時代,西南戦争ののち高まった，国民が政治に参加できるよう求める運動を何というか,自由民権運動
江戸時代,1880年に，各地の民権派の団体の代表者によってつくられた同盟を何というか,国会期成同盟(こっかいきせいどうめい)
江戸時代,1881年，板垣退助がつくった政党を何というか。,自由党
江戸時代,憲法について調査するため ヨーロッパに留学した人物はだれか。,伊藤博文
江戸時代,立憲政治開始のために，政府が1885年に定めた制度を何というか。,内閣制度
江戸時代,1889年，天皇から国民にあたえるという形式で発布された憲法を何というか。,大日本帝国憲法
江戸時代,衆議院と貴族院からなっていた当時の国会を何というか。,帝国議会
江戸時代,大日本帝国憲法が発布された翌年に出された忠君愛国（ちゅうくんあいこく）の道徳などを示したものを何というか,教育勅語 (きょういくちょくご)
明治時代,世論を大切にして政治を進めることなどを天皇が神にちかうという形で示した新政府の政治の方針を何というか。,五箇条の御誓文(ごかじょうのごせいもん)
明治時代,年号が明治に改められた年に江戸は改称され、翌年，新しい首都となった。この首都の名称は何か,東京
明治時代,新政府が、藩主に土地と人民を返させたことを何というか。,版籍奉還(はんせきほうかん)
明治時代,古い身分制度を廃止して、皇族以外の華族・士族・平民の身分を平等であるとしたことを何というか。,四民平等(しみんびょうどう)
明治時代,えた身分、ひにん身分の呼び名を廃止し、これら差別されていた人々を平民と同じとする布告を何というか。,解放令(かいほうれい)
明治時代,地租改正のとき土地の所有者には、所有者、面積地価、地租の額を記した書類が交付された。この類を何というか。,地券(ちけん)
明治時代,1873年から、それまでの旧暦（太陰暦）にかわって採用された暦を何というか。,太陽暦
明治時代,北海道の開拓の中心になった、農業を兼業していた兵士を何というか。,屯田兵(とんでんへい)
明治時代,北海道の開拓によって土地や漁場をうばわれていった先住民を何というか。,アイヌ
明治時代,琉球の日本への帰属を清が認めなかったため、日本は1874年にある地域へ出兵し、清から賠償金を得た。この地域はどこか。,台湾
明治時代,政府内にあった、武力で朝鮮国に開国をせまる主張を何というか。,征韓論(せいかんろん)
明治時代,日本が朝鮮に開国を求めるために軍艦を派遣し、沿岸を無断で測量したことからおきた武力街突を何事件というか。,江華島事件(コウカトウジケン)
明治時代,江華島事件をきっかけに、朝鮮側に不平等な条項をおしつけて結んだ条約を何というか,日朝修好条規(にっちょうしゅうこうじょうき)
明治時代,1876年に領有を各国に通告し、日本への帰属が決定した島々はどこか。,小笠原諸島(おがさわらしょとう)
明治時代,旧薩摩藩・長州藩などの出身者による専制政治を何というか。,藩閥政治(はんばつせいじ)
明治時代,板垣退助が、政府の専制政治を批判して，国民が政治に参加できる道を開くべきだと主張して提出したものは何か。,民撰議院設立の建白書(みんせんぎいんせつりつけんぱくしょ)
明治時代,大隈重信を党首として、1882年に結成された政党は何か。,立憲改進党(りっけんかいしんとう)
明治時代,帝国議会は二院制をとっているが、衆議院ともう一つは何か。,貴族院
明治時代,憲法をもとに議会政治が行われる国家を何というか。,立憲制国家(りっけんせいこっか)
明治時代,19世紀から20世紀にかけて，欧米諸国が軍事力を背景に，植民地を求めてアフリカやアジアなどを侵略した動きを何というか。,帝国主義
明治時代,外務卿（がいむきょう）(大臣)の井上馨（かおる）が行った，鹿鳴館（ろくめいかん）で舞踏会（ぶとうかい）を開くなどの政策を何というか。,欧化政策 (おうかせいさく)
明治時代,1894年， イギリスとの条約で領事裁判権を撤廃した外務大臣はだれか。,陸奥宗光 (むつむねみつ)
明治時代,1911年，アメリカとの条約で関税自主権を完全に回復した外務大臣はだれか。,小村寿太郎 (こむらじゅたろう)
明治時代,1894年，朝鮮で，外国勢力の排除と政治改革をめざして東学の信者と農民が兵をあげたできごとを何というか。,甲午農民戦争 (こうごのうみんせんそう)
明治時代,甲午農民戦争（こうごのうみんせんそう）をきっかけにして始まった日本と清との戦争を何というか。,日清戦争
明治時代,日清戦争の結果，日本と清との間で結ばれた講和条約を何というか。,下関条約 (しものせきじょうやく)
明治時代,ドイツ，フランスと結んで，遼東（りょうとう）半島を清へ返還するよう日本に求めてきた国はどこか。,ロシア
明治時代,ロシアとドイツ・フランスが，遼東半島を清へ返還するよう日本に要求してきたことを何というか。,三国干渉 (さんごくかんしょう)
明治時代,欧米諸国の侵略に反対した中国の人々が起こし，1900年には北京の外国公使館を包囲するまでに広がった事件を何というか。,義和団事件 (ぎわだんじけん)
明治時代,ロシアの南下に対抗するために，日本とイギリスが1902年に結んだ同盟を何というか。,日英同盟
明治時代,満州と韓国の支配をめぐって，日本とロシアとの間で始まった戦争を何というか,日露戦争
明治時代,日露戦争の結果，日本とロシアとの間で結ばれた講和条約を何というか。,ポーツマス条約
明治時代,ポーツマス条約の内容に反対し，東京で起こった暴動を何というか。,日比谷焼き打ち事件 (ひびややきうちじけん)
明治時代,1910年，軍隊の力を背景に，日本が朝鮮を植民地にしたことを何というか,韓国併合
明治時代,三民主義を唱え 中国の革命運動を指導した人物はだれか。,孫文 (そんぶん)
明治時代,1911年に武昌（ブショウ）で軍隊が起こした反乱から革命運動が全国に広がって多くの省が清から独立し翌年、共和国を建国した革命を何というか。,辛亥革命 (しんがいかくめい)
明治時代,辛亥革命の際に，南京を首都として建てられた国を何というか。,中華民国
明治時代,日本の産業革命は，軽工業と重化学工業のどちらからおこったか,軽工業
明治時代,日清戦争での賠償金をもとに北九州につくられた官営の製鉄所を何というか。,八幡製鉄所 (やはたせいてつじょ)
明治時代,労働争議が増加する中，日露戦争後に政府が労働時間の制限などを定めたものを何というか。,工場法
明治時代,天皇の暗殺を計画したとして，多くの社会主義者が逮捕された事件を何というか。,大逆事件 (たいぎゃくじけん)
明治時代,社会民主党を結成した中心人物で，大逆事件で処刑されたのはだれか。,幸徳秋水 (こうとくしゅうすい)
明治時代,足尾銅山鉱毒事件の解決に尽力した，栃木県の衆議院議員はだれか。,田中正造
明治時代,岡倉天心とともに日本の美術の復興に努めたアメリカ人はだれか。,フェノロサ
明治時代,「無我（むが）」などの作品を残し，日本画の革新運動を進めた人物はだれか。 ,横山大観 (よこやまたいかん)
明治時代,フランスに留学して絵画を学び，「湖畔」などの作品を残した人物はだれか。,黒田清輝 (くろだきよてる)
明治時代,ロダンに師事し，欧米風の近代的な彫刻を残した人物はだれか。,荻原守衛 (おぎわらもりえ)
明治時代,小説で口語表現を使い，言文一致（げんぶんいっち）を始めた人物はだれか。,二葉亭四迷 (ふたばていしめい)
明治時代,日露戦争後，義務教育は何年になったか。,６年
明治時代,破傷風の血清療法を発見した細菌学者はだれか。,北里柴三郎 (きたざとしばさぶろう)
明治時代,アフリカで黄熱病の病原体を研究した細菌学者はだれか。,野ロ英世（のぐち ひでよ）
明治時代,1886年にイギリス船が沈没し 日本人乗客全員が水死したにもかかわらず、イギリス人船長が軽いばつですんだ事件を何というか。,ノルマントン号事件
明治時代,不平等条約の改正交渉のなかで 1911年に日本が完全な回復に成功した権利を何というか。,関税自主権
明治時代,下関条約で、中国が独立を認めた国はどこか。,朝鮮
明治時代,1897年、朝鮮は何という国名に改称したか。,大韓帝国（韓国）
明治時代,三国干渉で返還を勧告され、日本がこれを受け入れて清に返還した地域はどこか。,遼東半島(りょうとうはんとう)
明治時代,政党を中心にして議会を円滑に運営するために伊藤博文が結成した政党を何というか。,立憲政友会(りっけんせいゆうかい)
明治時代,日露戦争の戦場にいる弟の身を案じて、「君死にたまふことなかれ」を発表した歌人はだれか。,与謝野晶子(よさのあきこ)
明治時代,日本とロシアの講和会議を仲介した国はどこか。,アメリカ
明治時代,ポーツマス条約で、日本が南半分を得た地域はどこか。,樺太(からふと)
明治時代,ポーツマス条約で、ロシアが日本の優越権を認めた国はどこか。,韓国
明治時代,日本が韓国を併合して植民地化したあと、武力を背景にした植民地支配を進めた日本の機関を何というか。,朝鮮総督府(ちょうせんそうとくふ)
明治時代,日本では、1880年代から軽工業が急速に発展した。こうした技術の向上による産業と社会のしくみの変化を何というか。,産業革命
明治時代,1890年代後半には、日本の製糸業で生産された製品の多くがアメリカに出されるようになった。この製品を何というか。,生糸(きいと)
明治時代,栃木県の銅山から流れ出した鉱毒が、渡良瀬川（わたらせがわ）流域に大きな被害をあたえる事件がおこった。この銅山を何というか,足尾銅山(あしおどうざん)
明治時代,三井、三菱，住友、安田など、金融、貿易、鉱業などで日本の経済を支配した大資本家を何と呼ぶか。,財閥(ざいばつ)
明治時代,労働者が、労働条件の改善などを求めておこしたストライキなどの行動を何と呼ぶか,労働争議(ろうどうそうぎ)
明治時代,「荒城の月」、「花」などを作曲し，洋楽の道を開いた音楽家はだれか。,滝廉太郎（たき れんたろう）
明治時代,二葉亭四迷（ふたばてい しめい）らが主張した、文語の表現にかわって、考えたように、また話すように文章を書く手法を何というか。,言文一致(げんぶんいっち)
明治時代,女性文学者のうち、「たけくらべ」などの小説をあらわした人物はだれか。,樋ロ一葉（ひぐち いちよう）
明治時代,「坊っちゃん」などの小説をあらわした人物はだれか。,夏目漱石(なつめそうせき)
明治時代,「舞姫」「最後の一句」などの小説をあらわした人物はだれか。,森鴎外(もりおうがい)
明治時代,赤痢菌を発見した人物はだれか。,志賀潔(しがきよし)
明治時代,19世紀末に，ドイツがオーストリア ・イタリアとの間で結成した同盟を何というか。,三国同盟
明治時代,20世紀はじめのヨーロッパで， イギリス・フランス・ロシアによってつくられた，三国の協調関係を何というか。,三国協商 (さんごくきょうしょう)
明治時代,ヨーロッパ諸国の紛争が絶えなかったことから，「ヨーロッパの火薬庫」とよばれたのはどこか。,バルカン半島
明治時代,セルビアの青年がオーストリア皇太子夫妻を暗殺した事件をきっかけに始まった世界大戦を何というか。,第一次世界大戦
明治時代,日本は第一次世界大戦で連合国側について参戦したが，これは連合国側のある国との同盟を理由としていた。この同盟は何か。,日英同盟
明治時代,１９１７年ロシアで起きた世界ではじめて社会主義国を誕生させた革命を何というか？,ロシア革命
明治時代,ロシア革命を指導した人物はだれか。,レーニン
明治時代,ロシアの革命の結果，1922年に成立した世界最初の社会主義国を何というか。 ,ソビエト社会主義共和国連邦（ソ連）
明治時代,第一次世界大戦後，連合国とドイツとのあいだに結ばれた講和条約を何というか。（ドイツは多額の賠償金の支払いを命じられた）,ベルサイユ条約
明治時代,第一次世界大戦の戦争後，世界平和を守るためにつくられた世界初の国際機構を何とうか。,国際連盟
明治時代,1921年，軍備縮小などについての問題を話し合う会議がアメリカで開かれた。この会讓を何というか。,ワシントン会議
明治時代,1919年にドイツで制定され，満20歳以上の男女の普通選挙や国民の働く権利を保障することなどを決めた憲法を一般に何というか。,ワイマ一ル憲法
明治時代,第一次世界大戦の戦争で日本がドイツに宣戦して占領したのは，ドイツが支配していた中国の何という半島か。,山東半島 (さんとうはんとう)
明治時代,第一次世界大戦の戦争中，中国での利権を拡大しようとして，日本が中国政府に対して出した要求を何というか。,二十一か条の要求
明治時代,1919年，北京で学生が講和条約への反対運動をおこしたことから始まった運動を何というか。,五・四運動 (ごし　うんどう)
明治時代,五四運動ののち，孫文らが民族自立と国家の統一をめざしてつくった政党を何というか？,中国国民党
明治時代,1919年に，朝蘇のソウルで，人々が日本からの独立を求めておこした運動を何というか。,三・一独立運動
明治時代,イギリスからの自治を求めて民族運動をおし進めたインドの指導者はだれか。,ガンディー
大正時代,官僚や軍人中心の政治に対し，憲法を守り，議会中心の政治を求めた運動を何というか。,護憲運動 (ごけんうんどう)
大正時代,大正時代に高まった，民主主義や自由主義を求める動きを何というか。,大正デモクラシー
大正時代,民本主義をとなえ，普通選挙による政党政治の確立をめざした人物はだれか,吉野作造 (よしのさくぞう)
大正時代,米騒動の直後，首相に就任し，本格的な政党内閣をつくったのはだれか。,原敬 (はらたかし)
大正時代,原敬（はらたかし）が所属した政党名を書け。,立憲政友会 (りっけんせいゆうかい)
大正時代,1924年にふたたび行われた護憲運動ののちに首相についたのはだれか。,加藤高明 (かとうたかあき)
大正時代,加藤高明の内閣以降８年間にわたって，政党の総裁が内閣を組織することが慣例となったことを何というか。,憲政の常道 (けんせいのじょうどう)
大正時代,日本で満25歳以上の男子に選挙権をあたえる普通選挙法が成立したのは何年のことか。,1925年
大正時代,大正時代に増加した，労働者が団結し，労働条件の改善などを要求しておこした争いを何というか。,労働争議 (ろうどうそうぎ)
大正時代,大正時代に増加した，小作人が団結し，地主に対して小作料の軽減などを要求しておこした争いを何というか。,小作争議 (こさくそうぎ)
大正時代,被差別部落の人々が人間としての平等を求め，1922年につくった組織を何というか。,全国水平社 (ぜんこくすいへいしゃ)
大正時代,1920年，女性の政治活動の自由などを求めて，平塚雷鳥（ひらつからいちょう）たちが結成した組織を何というか。,新婦人協会(しんふじんきょうかい)
大正時代,1923年におこり，東京や横浜に大きな被害をあたえた災害を何というか。,関東大震災
大正時代,1925年に主要都市で始まり，新聞と並んで有力なメディアとなったものは何か。,ラジオ放送
大正時代,理想主義や人道主義をとなえた，志賀直哉らが主流となった文学の一派を何というか。,白樺派 (しらかばは)
大正時代,労働者や農民の貧困のようすなどをえがいた，小林多喜ニなどによる文学を何というか。,プロレタリア文学
大正時代,第一次世界大戦で連合国側に対して、ドイツ、オーストリア、トルコを中心とする国々を何というか。,同盟国側
大正時代,戦争で国民と経済，科学技術や資源を総動員して、国力を使い果たすことを何というか。,総力戦
大正時代,1917年に連合国側に加わって第一次世界大戦に参戦した国はどこか。,アメリカ
大正時代,レ一ニンのあとに指導者となり、「五か年計画」を成功させて権力を固め独裁を行った人物はだれか。,スタ一リン
大正時代,ロシア革命の影響をおそれた日本，アメリカ、イギリス、フランスなどがロシア東部へ出兵したできごとを何というか。,シベリア出兵
大正時代,民族自決を唱え、国際連盟の設立を提案したアメリカの大統領はだれか。,ウィルソン
大正時代,国際連盟の常任理事国となった国は、日本、フランス、イタリアともう1 国はどこか,イギリス
大正時代,国民主権、男女の普通選挙制、労動者の団結権などを規定したワイマール憲法は、どこの国で定められたか,ドイツ
大正時代,五・四運動をきっかけに、中国国民党を結成し、民族の自立と国家の統一をめざす運動をくり広げた人物はだれか。,孫文(そんぶん)
大正時代,民族独立をめざしての中国国民党と協力した政党を何というか。,中国共産党
大正時代,ガンディーの指導のもとで、イギリスに対して完全な自治を求める運動がおこった国はどこか。,インド
大正時代,藩閥の桂内閣に反対して、新聞や知識人がおし進めた、議会中心の政治を求める運動を何というか。,第一次護憲運動(だいいちじごけんうんどう)
大正時代,主権は国家にあり、天皇は国家の最高機閲として憲法に従って統治するという天皇機関説を唱えた人物はだれか。,美濃部達吉(みのべたつきち)
大正時代,第一次世界大戦によって、日本の経済は好景気をむかえた。この好景気を何と呼んだか。,大戦景気(たいせんけいき)
大正時代,1918年に富山県の漁村の主婦たちがおこした騒動をきっかけに、各地に広まった騒動を何というか。,米騒動(コメソウドウ)
大正時代,1920年に日本で最初に行われた，労働者による大規模な集会を何というか。,メ一デ一
大正時代,北海道では、先住民族が差別からの解放運動をおし進めた。この民族を何というか。,アイヌ民族
大正時代,1925年に制定された、満25歳以上の男子に選挙権をあたえた法律を何というか,普通選挙法(ふつうせんきょほう)
大正時代,共産主義に対する取りしまりを強化するために、1925年に制定された法律を何というか。,治安維持法(ちあんいじほう)
大正時代,人道主義の理想をかかげた白樺派の中心作家で、「暗夜行路（あんやこうろ）」 などをあらわした文学者はだれか。,志賀直哉(しがなおや)
大正時代,「羅生門」，「地獄変」 などの知性的な短編小説で人々に新鮮な印象をあたえた文学者はだれか。,芥川龍之介(あくたがわりゅうのすけ)
大正時代,「善の研究」で東洋と西洋の哲学を統一した哲学者はだれか。,西田幾多郎(にしだきたろう)
昭和・平成時代,1929年，アメリカの株式市場で株価が大暴落し，不景気が世界中に広がった。このことを何というか。,世界恐慌 (せかいきょうこう)
昭和・平成時代,世界恐慌を乗り越えるため，公共事業をおこすなどして景気回復を図ろうとしたアメリカの政策を何というか。,ニューディール政策
昭和・平成時代,世界恐慌から立ち直るため， イギリスなどでとられた，植民地などとの貿易を拡大し，他国の商品をしめ出した政策を何というか。,ブロック経済
昭和・平成時代,「五か年計画」とよばれる計画経済を推し進め，世界恐慌の影響を受けなかった国はどこか。,ソ連
昭和・平成時代,ドイツで1933年に政権をにぎった，ナチス（国民社会主義ドイツ労働者党)の指導者はだれか。,ヒ卜ラー
昭和・平成時代,イタリアで1922年に政権をにぎった，ファシスト党の指導者はだれか。,ムッソリーニ
昭和・平成時代,ヒトラーやムッソリーニの指導者が行った，民主主義や自由主義を否定する全体主義の体制を何というか。,ファシズム
昭和・平成時代,中国で，国民党を率いて軍閥を倒し、国内の統一を進めた人物はだれか。,蒋介石（しょうかいせき）
昭和・平成時代,満州事変の翌年，中国東北部を占領した関東軍によってつくられた国を何というか。,満州国 (まんしゅうこく)
昭和・平成時代,満州国の国の不承認とこの地からの日本軍の撤兵を勧告されたため，日本が脱退した国際機関はなにか？,国際連盟 (こくさいれんめい)
昭和・平成時代,1932年に，犬養毅首相が海軍の青年将校らに暗殺された事件を何というか？,五・一五事件
昭和・平成時代,1936年に，軍事政権の樹立をめざした陸軍の青年将校らがおこした事件を何というか。,ニ・ニ六事件
昭和・平成時代,盧溝橋（ろこうきょう）事件をきっかけに始まった，中国との全面的な戦争を何というか。,日中戦争 (にっちゅうせんそう)
昭和・平成時代,日本軍が国民政府の首都を占領した際，多数の中国人の市民を殺害したできごとを何というか。,南京事件 (なんきんじけん)
昭和・平成時代,1938年に資源と国民のすべてを戦争目的のために，議会の議決なく政府が動員できるようにした法律を何というか。,国家総動員法(こっかそうどういんほう)
昭和・平成時代,朝鮮の人々を日本に同化させようとして，日本政府が行った政策を何というか？,皇民化 (こうみんか)
昭和・平成時代,ドイツがポーランドに侵攻したのをきっかけに始まった戦争を何というか。,第二次世界大戦
昭和・平成時代,第二次世界大戦が始まったのは何年のことか,1939年
昭和・平成時代,ドイツはある民族を徹底的に差別し，強制収容所に送るなどして多くの人々を殺害した。この民族を何というか,ユダヤ人
昭和・平成時代,1941年にアメリカがイギリスとともに発表した，平和と安全を守ろうという反ファシズムを内容とする憲章を何というか。,大西洋憲章 (たいせいようけんしょう)
昭和・平成時代,日本が1940年に三国同盟を結んだ国は，ドイツともう1つはどこか。,イタリア
昭和・平成時代,"1941年, 北方の安全をはかるために，日本がソ連と結んだ条約を何というか。",日ソ中立条約
昭和・平成時代,日本軍がマレー半島への上陸とハワイの真珠湾を攻撃して始まった戦争を何というか。,太平洋戦争
昭和・平成時代,1945年3月，焼夷弾（しょういだん）による無差別爆撃を受け，一夜で8万人以上の人が犠牲となった都市はどこか。,東京
昭和・平成時代,国内でただ1か所，大規模な地上戦が行われ，12万人以上の県民が亡くなったのはどこか。,沖縄
昭和・平成時代,1945年，首都のベルリンが連合国軍に占領されて降伏した国はどこか。,ドイツ
昭和・平成時代,1945年8月6日，アメリカ軍によって世界で最初に使用された核兵器を何というか,原子爆弾
昭和・平成時代,原子爆弾の兵器が初めて使用された都市はどこか。,広島
昭和・平成時代,日本政府がポツダム宣言を受け入れて，昭和天皇がラジオ放送を通じて国民に降伏を伝えたのは，1945年の何月何日か。,8月15日
昭和・平成時代,「五か年計画」を推進し、世界恐慌の影響を受けることなく成長をとげたソ連の経済政策を何というか。,計画経済
昭和・平成時代, イタリアのムッソリーニが率いて、国民の不満をあおりながら、政権をにぎって独裁を行った政党を何というか。,ファシスト党
昭和・平成時代,ドイツのヒトラーが率いて，ドイツ民族の優秀さを強調する宣伝活動で支持を得て，政権をにぎった政党を何というか。,ナチス（国民社会主義ドイツ労働者党）
昭和・平成時代,1927年に日本で取りつけさわぎがおこり、多くの銀行が休業や倒産に追い込まれたことを何というか。,金融恐慌(きんゆうきょうこう)
昭和・平成時代,関東軍が，奉天郊外の柳条湖で満鉄の線路を爆破し、それを機に軍事行動を開始したできごとを何というか。,満州事変(まんしゅうじへん)
昭和・平成時代,関東軍が満州の主要部を占領して満州国を建国した際、元首にした清の最後の皇帝はだれか。,溥儀
昭和・平成時代,中国で内戦を続けていた国民党と共産党が、日本の侵略に対抗するために結成した組織を何というか。,抗日民族統一戦線(こうにちみんぞくとういつせんせん)
昭和・平成時代,「挙国一致」の名目で、すべての政党や政治団体が解散し、国民を戦争に動員する機関として新たに結成された組織を何というか。,大政翼賛会(たいせいよくさんかい)
昭和・平成時代,朝鮮の人々に姓名のあらわし方を日本式に改めさせたことを何というか。,創氏改名(ソウシカイメイ)
昭和・平成時代,1940年にドイツにパリを占領され，降伏した国はどこか。,フランス
昭和・平成時代,1940年にドイツ、イタリア、日本が結んだ軍事同盟を何というか。,日独伊三国同盟(にちどくいさんごくどうめい)
昭和・平成時代,第二次世界大戦でファシズムのドイツ， イタリアなどからなる国々を何というか。,枢軸国(すうじくこく)
昭和・平成時代,第二次世界大戦で、アメリカ、イギリス、ソ連、中国などからなる国々を何というか。,連合国
昭和・平成時代,ドイツの占領政策に対して、ヨーロッパ各地でおこったドイツへの協力拒否や抵抗運動を何というか。,レジスタンス
昭和・平成時代,1941年に、日本は北方の安全を確保するためにある国と中立条約を結んだ。この条約を結んだ国はどこか。,ソ連(それん)
昭和・平成時代,日本が，アジアから欧米の植民地期支配を打破し、アジアの諸民族だけで繁栄しようと主張して建設を唱えたものを何というか。,大東亜共栄圏(だいとうあきょうえいけん)
昭和・平成時代,1942年6 月，太平洋のある海域で海戦が行われ、日本軍は敗北をきっした。この海戦を何というか。,ミッドウェー海戦(みっどうぇーかいせん)
昭和・平成時代,戦争からのがれるため、都市の小学生が集団で農村に一時的に移り住んだ。これを何というか。,集団疎開(しゅうだんそかい)
昭和・平成時代,爆撃機による空から地上への攻撃は、東京、大阪、名古屋などほとんどの主要都市に対して行われた。この攻撃を何というか。,空襲(くうしゅう)
昭和・平成時代,連合国が発表した、日本に無条件降伏を求める宣言を何というか。,ポツタム宣言
昭和・平成時代,広島に続いて原子爆弾を投下され、14万人以上にのぼる死者の出た都市はどこか。,長崎
昭和・平成時代,東京におかれた連合国軍最高司令官総司令部の略称を書け。,GHQ
昭和・平成時代,連合国軍の占領下におかれた日本の本土とは別に，アメリカが統治することになったのは小笠原諸島、奄美群島とどこか。,沖縄
昭和・平成時代,第二次世界大戦後，日本の北方領土を占拠した国はどこか。,ソ連
昭和・平成時代,選挙法の改正によって選挙権があたえられたのは，満何歳以上の男女か。,20歳以上
昭和・平成時代,1945年，労働者の団結権や争議権を守るために制定された法律は何か。,労働組合法
昭和・平成時代,1946年に公布され，翌年から施行された新しい憲法を何というか。,日本国憲法
昭和・平成時代,戦前の体制を経済的に支えたとして，三井・三菱などの大企業が解体された。これを何というか。,財閥解体 (ざいばつかいたい)
昭和・平成時代,それまでの封建的（ほうけんてき）な地主・小作人制度が改められ，多くの自作農家を生み出した改革を何というか。,農地改革 (のうちかいかく)
昭和・平成時代,国際連合で，世界の平和と安全を維持する機関として設けられたものは何か。,安全保障理事会 (あんぜんほしょうりじかい)
昭和・平成時代,安全保障理事会の常任理事国となったのは，フランス・アメリカ・中国・ソ連と，もう1か国はどこか。,イギリス
昭和・平成時代,北大西洋条約機構で結ばれた西側諸国の中心となった国はどこか。,アメリカ
昭和・平成時代,東西両陣営の戦火を交えない厳しい対立を何というか。漢字2字で書け。,冷戦
昭和・平成時代,中国共産党を率いた人物はだれか。,毛沢東 (もうたくとう)
昭和・平成時代,警察予備隊を強化して発足した組織を何というか。,自衛隊
昭和・平成時代,1951年，日本がアメリカ・ イギリスなど48か国とのあいだに結んだ条約を何というか。,サンフランシスコ平和条約
昭和・平成時代,1955年に結成された自由民主党が，野党第一党の日本社会党と対立しながら，40年近くにわたって政権の座についていたことを何というか。,55年体制
昭和・平成時代,日米安全保障条約の条約が1960年に改定されることをめぐっておきた，全国的な反対運動を何というか。,安保闘争 (あんぽとうそう)
昭和・平成時代,1955年に，植民地支配から脱して独立したアジア・アフリカ諸国の代表が，インドネシアに集まって開いた会議を何というか。,アジア・アフリカ会議（バンドン会議）
昭和・平成時代,１９６２年にカリブ海の島国におけるアメリカとソ連の厳しい対立で核戦争の危機が目前にせまった出来事を何というか,キューバ危機
昭和・平成時代,1967年、ヨーロッパで人や物資の移動の自由化と市場の統合のために発足した国際機構を何というか？,ヨーロッパ共同体(EC)
昭和・平成時代,南北に分かれていたベトナムに，アメリカが軍事的に介入したことでおこった戦争を何というか。,ベトナム戦争
昭和・平成時代,1956年，日本がソ連との国交を・回復するために調印したものを何というか？,日ソ共同宣言
昭和・平成時代,日ソ共同宣言でソ連との国交を回復した日本が，同じ年に加盟を認められた国際機関は何か。,国際連合
昭和・平成時代,1965年，日本と韓国の間に結ばれ，経済協力などを約束した条約を何というか。,日韓基本条約(にっかんきほんじょうやく)
昭和・平成時代,1972年に，中華人民共和国が中国を代表する政府であるとし，国交を回復するために調印されたものを何というか。,日中共同声明
昭和・平成時代,1978年，中国との関係をさらに深くするために結ばれた条約を何というか,日中平和友好条約
昭和・平成時代,沖縄の返還に際して，政府は核兵器を「持たず，つくらず，持ちこませず」の三原則を国会で決議した。この三原則を何というか,非核三原則
昭和・平成時代,1950年代なかばから，日本経済の急速な発展や変化が続いたことを何というか。,高度経済成長
昭和・平成時代,高度経済成長の時期に電気冷蔵庫・電気洗濯機とともに普及した家庭電化製品は何か,テレビ
昭和・平成時代,東京オリンピックが開催されたのは何年のことか。,1964年
昭和・平成時代,1967年に公害防止のために制定された法律を何というか。,公害対策基本法(こうがいたいさくきほんほう)
昭和・平成時代,1971年に，公害防止や環境保全のために設置された国の機関を何というか。,環境庁
昭和・平成時代,石油危機（オイルショック）のきっかけになった戦争を何というか。,第四次中東戦争
昭和・平成時代,敗戦後、ソ連によって占拠された国後島、択捉島、歯舞群島， 色丹島をまとめて何というか。,北方領土
昭和・平成時代,日本を占領して、さまざまな民主化政策を進めた連合国軍最高司令官総司令部の最高司令官はだれか。,マッカ一サー
昭和・平成時代,GHQは戦争犯罪人（戦犯）と見なした軍や政府などの指導者を裁判にかけた。この裁判を何というか。,極東国際軍事裁判（東京裁判）(きょくとうこくさいぐんじさいばん)
昭和・平成時代,日本国憲法の三つの基本原理は，国民主権と平和主義ともう一つは何か,基本的人権の尊重
昭和・平成時代,民主主義の教育の基本を示し、教育の機会均等や義務教育、男女共学などについて定めた法律を何というか。,教育基本法
昭和・平成時代,改正されて、個人の尊厳と男女の平等にもとづく新たな家族制度について定めた法律を何というか。,民法(みんぽう)
昭和・平成時代,アメリカを中心とする西陣営とソ連を中心とする東側陣営の対立を何というか。,冷たい戦争（冷戦）
昭和・平成時代,冷たい戦争の東西両陣営の対立によって東西に分断され、西測が壁に囲まれた、ドイツの都市はどこか。,ベルリン
昭和・平成時代,毛沢東の率いる共産党が蒋介石の率いる国民党との内戦に勝利して建てた国を何というか。,中華人民共和国（中国）
昭和・平成時代,日本の支配から解放された朝鮮の南部で、アメリカの支援で建国された国を何というか。,大韓民国(韓国)
昭和・平成時代,南北に分断された朝鮮半島で北朝が大韓民国(韓国)に侵攻したことからおこった戦争を何というか。,朝鮮戦争
昭和・平成時代,朝鮮戦争で、大量の軍需物資が日本で調達され，日本経済は好景気となった。この景気を何というか。,特需景気(とくじゅけいき)
昭和・平成時代,1951年にサンフランシスコ平和条約が結ばれたとき、日本の全権をつとめた人物はだれか。,吉田茂(よしだしげる)
昭和・平成時代,サンフランシスコ平和条約と同時に日本とアメリカとの間に結ばれた条約を何というか。,日米安全保障条約（安保条約）
昭和・平成時代,安保闘争の直後に成立した池田勇人内閣がかかげた経済成提を積極的に推進するスローガンを何というか,所得倍増
昭和・平成時代,高度経済成長の時期、重化学エが産業の主軸になり、おもなエネルギー源が石炭からかわった。このエネルギー源を何というか。,石油
昭和・平成時代,高度経済成長の時期、国民の所得が増え、くらしが便利になった。このとき普及したテレビ、洗濯機、冷蔵庫などをまとめて何というか。,家庭電化製品
昭和・平成時代,1964年の東京オリンビックに合わせて整備された交通網は、高速道路ともう一つは何か。,新幹線
昭和・平成時代,経済成長は、農村などで人口が少なくなりすぎる現象をもたらした。この現象を何というか,過疎化(かそか)
昭和・平成時代,過密になった都市でおこった社会問題は、交通渋滞ともう一つは何か。,住宅不足
昭和・平成時代,大気汚染や水質汚濁など、自然や生活環境が破壊される問題が各地で発生した。この問題を何というか。,公害問題
昭和・平成時代,新潟水俣病、四日市ぜんそく、イタイイタイ病、水保病の裁判をまとめて何というか。,四大公害裁判
昭和・平成時代,第四次中東戦争をきっかけに、石油価格が大幅に上昇し先進工業国の経済が不況になった。このできごとを何というか。,石油危機（オイル・ショック）
昭和・平成時代,1985年にソ連の新しい指導者に選ばれた人物はだれが。,ゴルバチョフ
昭和・平成時代,ドイツのある都市につくられ，冷戦の象徴であった壁を何というか？,ベルリンの壁
昭和・平成時代,ベルリンの壁が崩壊したのちに開かれたアメリカとソ連の首脳会談では（　　）の終結が宣言された。,冷戦
昭和・平成時代,1991年に解体した連邦国家はどこか。,ソ連
昭和・平成時代,毎年開かれている主要国首脳会議のことを何というか。,サミット
昭和・平成時代,1993年に発足したヨーロッパ連合の略称を何というか。 ,EU
昭和・平成時代,EUの加盟国（一部の国をのぞく）で使用されている共通通貨を何というか。,ユーロ
昭和・平成時代,1989年に発足したアジア太平洋経済協力会議の略称を何というか。,APEC
昭和・平成時代,1990年にイラクが隣国のクウェートに侵攻したため，翌年アメリカなど多国籍軍がイラクを攻撃した戦争を何というか。,湾岸戦争
昭和・平成時代,2001年にニューヨークなどでおきたテロ行為を何というか。,アメリカ同時多発テロ
昭和・平成時代,2003年、アメリカとイギリスがイラクを攻撃し，政権を崩壊させた戦争を何というか。,イラク戦争
昭和・平成時代,2002年に日本の総理大臣がはじめて訪れ，この国による日本人拉致問題が明らかになった国はどこか。,北朝鮮
昭和・平成時代,1993年に非自民党の内閣が生まれたことで終了した政治体制を何というか。,５５年体制
昭和・平成時代,2009年，衆参両議院で第一党となり，自民党にかわって政権をになうことになった党はどこか。,民主党
昭和・平成時代,バブル経済の崩壊後，日本経済は長い期間にわたって不景気になった。このことを何というか。,平成不況
昭和・平成時代,1997年，地球温暖化防止京都会議で採択された，二酸化炭素の排出量の削減目標が定められたものを何というか。,京都議定書(きょうとぎていしょ)
昭和・平成時代,第二次世界大戦後、東西に分断されていたが、ベルリンの壁が取りはらわれた翌年に統一を成しとげた国はどこか。,ドイツ
昭和・平成時代,アメリカのブッシュ大統領とゴルバチョフ共産党書記長がマル夕島で会談し，宣言したことは何か。,冷戦の終結
昭和・平成時代,1975年に始まり、西側先進諸国の首脳とEUの委員長が参加して毎年開催されてきた国際会議を何というか。,主要国首脳会議（サミット）(しゅようこくしゅのうかいぎ（さみっと）)
昭和・平成時代,1989年に発足したAPECの正式な名称を何というか。,アジア太平洋経済協力会議
昭和・平成時代,2001年9 月11日、アメリカでおこり、多くの死者を出し、大きな被害が出たできごとを何というか。,同時多発テロ
昭和・平成時代,地域紛争を解決するために行われている国連の活動を何というか。,平和維持活動（PKO)
昭和・平成時代,1992年に日本がはじめて平和維持活動（PKO)の活動に派遣した組織を何というか,自衛隊
昭和・平成時代,1980年代末、投機によって株式と土地の価格が異常に高くなる不健全な好景気が発生した。この経済の動きを何というか,バブル景気
昭和・平成時代,部落差別や、アイヌの人々、在日韓国・朝鮮人などに対する差別や偏見をなくすために尊重しなければならないのは何か。,人権
昭和・平成時代,子どもの出生率が低く，総人口に対する高齢者の割合が大きい社会を何というか。,少子高齢社会(しょうしこうれいしゃかい)
昭和・平成時代,国境をこえる経済活動や世界中に瞬時に情報が移動するなど、世界が一体化していることを何というか。,グロ一バル化
昭和・平成時代,二酸化炭素などの温室効果ガスを排出し、海面の上昇や農作物の不作などの問題を引きおこしている現象を何というか。,地球温暖化
昭和・平成時代,グロ一バル化の中で、わたしたちが地球市民としての意識を持ち、築きあげなければならない社会とはどのような社会か。,持続可能な社会
